ver6.1	JGI3.1	Famiy	Clade	nomenclature	product	ref	doi
Mp1g01900	Mapoly0029s0056	C2H2	C2H2-like	Mp1g01900[C2H2]	"transcription factor, C2H2-ZnF"		
Mp3g15030	Mapoly0004s0169	1R-MYB	Mp1R-MYB1	Mp1R-MYB1	"transcription factor, MYB"	"Bowman, Kohchi, Yamato, et al., Cell 171(2):287-304.e15"	10.1016/j.cell.2017.09.030
Mp1g02190	Mapoly0029s0028	1R-MYB	Mp1R-MYB10	Mp1R-MYB10	"transcription factor, MYB"	"Bowman, Kohchi, Yamato, et al., Cell 171(2):287-304.e15"	10.1016/j.cell.2017.09.030
Mp2g14310	Mapoly0042s0058	1R-MYB	Mp1R-MYB11	Mp1R-MYB11	"transcription factor, MYB"	"Bowman, Kohchi, Yamato, et al., Cell 171(2):287-304.e15"	10.1016/j.cell.2017.09.030
Mp1g07040	Mapoly0043s0095	1R-MYB	Mp1R-MYB12	Mp1R-MYB12	"transcription factor, MYB"	"Bowman, Kohchi, Yamato, et al., Cell 171(2):287-304.e15"	10.1016/j.cell.2017.09.030
Mp6g20210	Mapoly0045s0043	1R-MYB	Mp1R-MYB13	Mp1R-MYB13	"transcription factor, MYB"	"Bowman, Kohchi, Yamato, et al., Cell 171(2):287-304.e15"	10.1016/j.cell.2017.09.030
Mp2g02900	Mapoly0075s0051	1R-MYB	Mp1R-MYB14	Mp1R-MYB14	"transcription factor, MYB"	"Bowman, Kohchi, Yamato, et al., Cell 171(2):287-304.e15"	10.1016/j.cell.2017.09.030
Mp8g15610	Mapoly0079s0052	1R-MYB	Mp1R-MYB15	Mp1R-MYB15	"transcription factor, MYB"	"Bowman, Kohchi, Yamato, et al., Cell 171(2):287-304.e15"	10.1016/j.cell.2017.09.030
Mp5g18370	Mapoly0084s0085	1R-MYB	Mp1R-MYB16	Mp1R-MYB16	"transcription factor, MYB"	"Bowman, Kohchi, Yamato, et al., Cell 171(2):287-304.e15"	10.1016/j.cell.2017.09.030
Mp4g21300	Mapoly0090s0091	1R-MYB	Mp1R-MYB17	Mp1R-MYB17	"transcription factor, MYB"	"Bowman, Kohchi, Yamato, et al., Cell 171(2):287-304.e15"	10.1016/j.cell.2017.09.030
Mp6g21430	Mapoly0091s0012	1R-MYB	Mp1R-MYB18	Mp1R-MYB18	"transcription factor, MYB"	"Bowman, Kohchi, Yamato, et al., Cell 171(2):287-304.e15"	10.1016/j.cell.2017.09.030
Mp5g13040	Mapoly0092s0004	1R-MYB	Mp1R-MYB19	Mp1R-MYB19	"transcription factor, MYB"	"Bowman, Kohchi, Yamato, et al., Cell 171(2):287-304.e15"	10.1016/j.cell.2017.09.030
Mp3g00360	Mapoly0007s0033	1R-MYB	Mp1R-MYB2	Mp1R-MYB2	"transcription factor, MYB"	"Bowman, Kohchi, Yamato, et al., Cell 171(2):287-304.e15"	10.1016/j.cell.2017.09.030
Mp4g00040	Mapoly0162s0017	1R-MYB	Mp1R-MYB20	Mp1R-MYB20	"transcription factor, MYB"	"Bowman, Kohchi, Yamato, et al., Cell 171(2):287-304.e15"	10.1016/j.cell.2017.09.030
MpUg00200	Mapoly0250s0002	1R-MYB	Mp1R-MYB21	Mp1R-MYB21	"transcription factor, MYB"	"Bowman, Kohchi, Yamato, et al., Cell 171(2):287-304.e15"	10.1016/j.cell.2017.09.030
Mp1g25720	Mapoly0811s0001	1R-MYB	Mp1R-MYB22	Mp1R-MYB22	"transcription factor, MYB"	"Bowman, Kohchi, Yamato, et al., Cell 171(2):287-304.e15"	10.1016/j.cell.2017.09.030
Mp8g12000	Mapoly0008s0016	1R-MYB	Mp1R-MYB3	Mp1R-MYB3	"transcription factor, MYB"	"Bowman, Kohchi, Yamato, et al., Cell 171(2):287-304.e15"	10.1016/j.cell.2017.09.030
Mp7g13240	Mapoly0009s0010	1R-MYB	Mp1R-MYB4	Mp1R-MYB4	"transcription factor, MYB"	"Bowman, Kohchi, Yamato, et al., Cell 171(2):287-304.e15"	10.1016/j.cell.2017.09.030
Mp8g06450	Mapoly0013s0145	1R-MYB	Mp1R-MYB5	Mp1R-MYB5	"transcription factor, MYB"	"Bowman, Kohchi, Yamato, et al., Cell 171(2):287-304.e15"	10.1016/j.cell.2017.09.030
Mp1g10330	Mapoly0014s0193	1R-MYB	Mp1R-MYB6	Mp1R-MYB6	"transcription factor, MYB"	"Bowman, Kohchi, Yamato, et al., Cell 171(2):287-304.e15"	10.1016/j.cell.2017.09.030
Mp4g22430	Mapoly0020s0013	1R-MYB	Mp1R-MYB7	Mp1R-MYB7	"transcription factor, MYB"	"Bowman, Kohchi, Yamato, et al., Cell 171(2):287-304.e15"	10.1016/j.cell.2017.09.030
Mp3g05000	Mapoly0022s0028	1R-MYB	Mp1R-MYB8	Mp1R-MYB8	"transcription factor, MYB"	"Bowman, Kohchi, Yamato, et al., Cell 171(2):287-304.e15"	10.1016/j.cell.2017.09.030
Mp2g11220	Mapoly0023s0090	1R-MYB	Mp1R-MYB9	Mp1R-MYB9	"transcription factor, MYB"	"Bowman, Kohchi, Yamato, et al., Cell 171(2):287-304.e15"	10.1016/j.cell.2017.09.030
Mp2g10850	-	NF-X1	Mp2g10850[NF-X1]	Mp2g10850[NF-X1]	"transcription factor, NF-X1"		
Mp3g01790	-	Trihelix	Mp3g01790[Trihelix]	Mp3g01790[Trihelix]	"transcription factor, Trihelix"		
Mp3g13510	-	MYB	Mp3g13510[MYB]	Mp3g13510[MYB]	"transcription factor, MYB"		
Mp1g08640	Mapoly0036s0107	MYB	Mp3R-MYB1	Mp3R-MYB1	"transcription factor, MYB"	"Bowman, Kohchi, Yamato, et al., Cell 171(2):287-304.e15"	10.1016/j.cell.2017.09.030
Mp5g20280	Mapoly0058s0005	MYB	Mp3R-MYB2	Mp3R-MYB2	"transcription factor, MYB"	"Bowman, Kohchi, Yamato, et al., Cell 171(2):287-304.e15"	10.1016/j.cell.2017.09.030
Mp4g09860	Mapoly0132s0029	MYB	Mp3R-MYB3	Mp3R-MYB3	"transcription factor, MYB"	"Bowman, Kohchi, Yamato, et al., Cell 171(2):287-304.e15"	10.1016/j.cell.2017.09.030
Mp4g09880	Mapoly0132s0031	MYB	Mp3R-MYB4	Mp3R-MYB4	"transcription factor, MYB"	"Bowman, Kohchi, Yamato, et al., Cell 171(2):287-304.e15"	10.1016/j.cell.2017.09.030
Mp5g22280	Mapoly0166s0022	MYB	Mp3R-MYB6	Mp3R-MYB6	"transcription factor, MYB"	"Bowman, Kohchi, Yamato, et al., Cell 171(2):287-304.e15"	10.1016/j.cell.2017.09.030
MpUg00230	Mapoly0210s0005	MYB	Mp3R-MYB7	Mp3R-MYB7	"transcription factor, MYB"	"Bowman, Kohchi, Yamato, et al., Cell 171(2):287-304.e15"	10.1016/j.cell.2017.09.030
MpUg00270	Mapoly0240s0002	MYB	Mp3R-MYB8	Mp3R-MYB8	"transcription factor, MYB"		
Mp4g04760	Mapoly0330s0001	MYB	Mp3R-MYB9	Mp3R-MYB9	"transcription factor, MYB"	"Bowman, Kohchi, Yamato, et al., Cell 171(2):287-304.e15"	10.1016/j.cell.2017.09.030
Mp1g24520	Mapoly0061s0069	MYB	Mp4R-MYB1	Mp4R-MYB1	"transcription factor, MYB"	"Bowman, Kohchi, Yamato, et al., Cell 171(2):287-304.e15"	10.1016/j.cell.2017.09.030
Mp5g04310	-	ASL/LBD	Mp5g04310[LBD]	Mp5g04310[LBD]	"transcription factor, ASL/LBD"		
Mp5g08310	Mapoly0086s0035	B3	MpABI3A	MpABI3A	B3-domain transcription factor abscisic acid-insensitive 3	"Bowman, Kohchi, Yamato, et al., Cell 171(2):287-304.e15"	10.1016/j.cell.2017.09.030
Mp2g23600	Mapoly0069s0009	bZIP	MpABI5A	MpABI5A	bZIP transcription factor	"Bowman, Kohchi, Yamato, et al., Cell 171(2):287-304.e15"	10.1016/j.cell.2017.09.030
Mp2g22820	Mapoly0072s0050	bZIP	MpABI5B	MpABI5B	bZIP transcription factor	"Bowman, Kohchi, Yamato, et al., Cell 171(2):287-304.e15"	10.1016/j.cell.2017.09.030
Mp1g01670	Mapoly0029s0079	Alfin1-like	MpALFIN1	MpALFIN1	"transcription factor, Alfin1-like"	"Bowman, Kohchi, Yamato, et al., Cell 171(2):287-304.e15"	10.1016/j.cell.2017.09.030
Mp1g23460	Mapoly0065s0031	Alfin1-like	MpALFIN2	MpALFIN2	"transcription factor, Alfin1-like"	"Bowman, Kohchi, Yamato, et al., Cell 171(2):287-304.e15"	10.1016/j.cell.2017.09.030
Mp5g17980	Mapoly0084s0045	AMI	MpAMI1	MpAMI1	"transcription factor, Auxin related protein, Hormone related protein"	"Bowman, Kohchi, Yamato, et al., Cell 171(2):287-304.e15"	10.1016/j.cell.2017.09.030
Mp2g22250	Mapoly0072s0102	AP2-B3	MpAP2B3-1	MpAP2B3-1	"transcription factor, AP2-B3"	"Bowman, Kohchi, Yamato, et al., Cell 171(2):287-304.e15"	10.1016/j.cell.2017.09.030
Mp5g11100	Mapoly0093s0032	AP2-B3	MpAP2B3-2	MpAP2B3-2	"transcription factor, AP2-B3"	"Bowman, Kohchi, Yamato, et al., Cell 171(2):287-304.e15"	10.1016/j.cell.2017.09.030
Mp8g11450	Mapoly0008s0071	AP2	MpAP2L1	MpAP2L1	"transcription factor, AP2/ERF"	"Bowman, Kohchi, Yamato, et al., Cell 171(2):287-304.e15"	10.1016/j.cell.2017.09.030
Mp7g13270	Mapoly0009s0013	AP2	MpAP2L2	MpAP2L2	"transcription factor, AP2/ERF"	"Bowman, Kohchi, Yamato, et al., Cell 171(2):287-304.e15"	10.1016/j.cell.2017.09.030
Mp5g10280	Mapoly0048s0045	AP2	MpAP2L3	MpAP2L3	"transcription factor, AP2/ERF"	"Bowman, Kohchi, Yamato, et al., Cell 171(2):287-304.e15"	10.1016/j.cell.2017.09.030
Mp6g16760	Mapoly0144s0031	AP2	MpAP2L4	MpAP2L4	"transcription factor, AP2/ERF"	"Bowman, Kohchi, Yamato, et al., Cell 171(2):287-304.e15"	10.1016/j.cell.2017.09.030
Mp6g16750	Mapoly0144s0032	AP2	MpAP2L5	MpAP2L5	"transcription factor, AP2/ERF"	"Bowman, Kohchi, Yamato, et al., Cell 171(2):287-304.e15"	10.1016/j.cell.2017.09.030
Mp6g16820	Mapoly0144s0033	AP2	MpAP2L6	MpAP2L6	"transcription factor, AP2/ERF"	"Bowman, Kohchi, Yamato, et al., Cell 171(2):287-304.e15"	10.1016/j.cell.2017.09.030
Mp6g16770	Mapoly1480s0001	AP2	MpAP2L7	MpAP2L7	"transcription factor, AP2/ERF"	"Bowman, Kohchi, Yamato, et al., Cell 171(2):287-304.e15"	10.1016/j.cell.2017.09.030
Mp3g21340	Mapoly0160s0029	ARF	MpARF-like	MpARF-like	"transcription factor, ARF"	"PlantTFDB. Jin et al., 2017 Jan 4;45(D1):D1040-D1045"	doi:10.1093/nar/gkw982
Mp1g12750	Mapoly0019s0045	ARF	MpARF1	MpARF1	"Transcriptiion factor, similarity to Arabidopsis activator ARFs."	"Kato et al., PLOS Genet. 11, e1005084 (2015) PMID: 26020919; Flores-Sandval et al., PLOS Genet. 11, e1005207 (2015). PMID: 26020649"	
Mp4g11820	Mapoly0011s0167	ARF	MpARF2	MpARF2	"Transcriptiion factor, similarity to Arabidopsis repressor ARFs."	"Kato et al., PLOS Genet. 11, e1005084 (2015) PMID: 26020919; Flores-Sandval et al., PLOS Genet. 11, e1005207 (2015). PMID: 26020649"	
Mp1g07070	Mapoly0043s0098	ARF	MpARF3	MpARF3	"Transcriptiion factor, similarity to Arabidopsis repressor ARFs."	"Kato et al., PLOS Genet. 11, e1005084 (2015) PMID: 26020919; Flores-Sandval et al., PLOS Genet. 11, e1005207 (2015). PMID: 26020649"	
Mp1g07350	Mapoly0043s0128	ARID-HMGbox	MpARID-HMGBOX	MpARID-HMGBOX	"transcription factor, ARID-HMGbox"	"Bowman, Kohchi, Yamato, et al., Cell 171(2):287-304.e15"	10.1016/j.cell.2017.09.030
Mp8g07310	Mapoly0013s0062	ARID	MpARID1	MpARID1	"transcription factor, ARID"	"Bowman, Kohchi, Yamato, et al., Cell 171(2):287-304.e15"	10.1016/j.cell.2017.09.030
Mp8g17910	Mapoly0030s0125	ARID	MpARID2	MpARID2	"transcription factor, ARID"	"Bowman, Kohchi, Yamato, et al., Cell 171(2):287-304.e15"	10.1016/j.cell.2017.09.030
Mp7g04420	Mapoly0062s0083	ARID	MpARID3	MpARID3	"transcription factor, ARID"	"Bowman, Kohchi, Yamato, et al., Cell 171(2):287-304.e15"	10.1016/j.cell.2017.09.030
Mp2g17360	Mapoly0094s0004	ARID	MpARID4	MpARID4	"transcription factor, ARID"	"Bowman, Kohchi, Yamato, et al., Cell 171(2):287-304.e15"	10.1016/j.cell.2017.09.030
Mp3g16240	Mapoly0004s0047	ASL/LBD	MpASLBD1	MpASLBD1	"transcription factor, ASL/LBD"	"Bowman, Kohchi, Yamato, et al., Cell 171(2):287-304.e15"	10.1016/j.cell.2017.09.030
Mp5g17820	Mapoly0084s0032	ASL/LBD	MpASLBD10	MpASLBD10	"transcription factor, ASL/LBD"	"Bowman, Kohchi, Yamato, et al., Cell 171(2):287-304.e15"	10.1016/j.cell.2017.09.030
Mp5g10960	Mapoly0093s0018	ASL/LBD	MpASLBD11	MpASLBD11	"transcription factor, ASL/LBD"	"Bowman, Kohchi, Yamato, et al., Cell 171(2):287-304.e15"	10.1016/j.cell.2017.09.030
Mp5g11460	Mapoly0093s0069	ASL/LBD	MpASLBD12	MpASLBD12	"transcription factor, ASL/LBD"	"Bowman, Kohchi, Yamato, et al., Cell 171(2):287-304.e15"	10.1016/j.cell.2017.09.030
Mp6g05810	Mapoly0097s0062	ASL/LBD	MpASLBD13	MpASLBD13	"transcription factor, ASL/LBD"	"Bowman, Kohchi, Yamato, et al., Cell 171(2):287-304.e15"	10.1016/j.cell.2017.09.030
Mp6g09270	Mapoly0152s0027	ASL/LBD	MpASLBD14	MpASLBD14	"transcription factor, ASL/LBD"	"Bowman, Kohchi, Yamato, et al., Cell 171(2):287-304.e15"	10.1016/j.cell.2017.09.030
Mp1g14500	Mapoly0153s0039	ASL/LBD	MpASLBD15	MpASLBD15	"transcription factor, ASL/LBD"	"Bowman, Kohchi, Yamato, et al., Cell 171(2):287-304.e15"	10.1016/j.cell.2017.09.030
Mp6g06850	Mapoly0173s0030	ASL/LBD	MpASLBD16	MpASLBD16	"transcription factor, ASL/LBD"	"Bowman, Kohchi, Yamato, et al., Cell 171(2):287-304.e15"	10.1016/j.cell.2017.09.030
Mp8g09250	Mapoly0176s0008	ASL/LBD	MpASLBD17	MpASLBD17	"transcription factor, ASL/LBD"	"Bowman, Kohchi, Yamato, et al., Cell 171(2):287-304.e15"	10.1016/j.cell.2017.09.030
Mp6g09280	Mapoly0721s0001	ASL/LBD	MpASLBD18	MpASLBD18	"transcription factor, ASL/LBD"	"Bowman, Kohchi, Yamato, et al., Cell 171(2):287-304.e15"	10.1016/j.cell.2017.09.030
Mpzg00130	Mapoly0817s0001	ASL/LBD	MpASLBD19	MpASLBD19	"transcription factor, ASL/LBD"	"Bowman, Kohchi, Yamato, et al., Cell 171(2):287-304.e15"	10.1016/j.cell.2017.09.030
Mp8g11560	Mapoly0008s0060	ASL/LBD	MpASLBD2	MpASLBD2	"transcription factor, ASL/LBD"	"Bowman, Kohchi, Yamato, et al., Cell 171(2):287-304.e15"	10.1016/j.cell.2017.09.030
Mp7g18690	Mapoly1185s0001	ASL/LBD	MpASLBD20	MpASLBD20	"transcription factor, ASL/LBD"	"Bowman, Kohchi, Yamato, et al., Cell 171(2):287-304.e15"	10.1016/j.cell.2017.09.030
Mpzg01450	Mapoly1803s0001	ASL/LBD	MpASLBD21	MpASLBD21	"transcription factor, ASL/LBD"	"Bowman, Kohchi, Yamato, et al., Cell 171(2):287-304.e15"	10.1016/j.cell.2017.09.030
Mp4g01170	Mapoly3661s0001	ASL/LBD	MpASLBD22	MpASLBD22	"transcription factor, ASL/LBD"	"Bowman, Kohchi, Yamato, et al., Cell 171(2):287-304.e15"	10.1016/j.cell.2017.09.030
Mp3g12980	Mapoly0050s0090	ASL/LBD	MpASLBD24	MpASLBD24	"transcription factor, ASL/LBD"	"Bowman, Kohchi, Yamato, et al., Cell 171(2):287-304.e15"	10.1016/j.cell.2017.09.030
Mp7g14810	Mapoly0009s0166	ASL/LBD	MpASLBD3	MpASLBD3	"transcription factor, ASL/LBD"	"Bowman, Kohchi, Yamato, et al., Cell 171(2):287-304.e15"	10.1016/j.cell.2017.09.030
Mp4g10500	Mapoly0011s0037	ASL/LBD	MpASLBD4	MpASLBD4	"transcription factor, ASL/LBD"	"Bowman, Kohchi, Yamato, et al., Cell 171(2):287-304.e15"	10.1016/j.cell.2017.09.030
Mp7g00650	Mapoly0046s0060	ASL/LBD	MpASLBD5	MpASLBD5	"transcription factor, ASL/LBD"	"Bowman, Kohchi, Yamato, et al., Cell 171(2):287-304.e15"	10.1016/j.cell.2017.09.030
Mp7g17250	Mapoly0051s0062	ASL/LBD	MpASLBD6	MpASLBD6	"transcription factor, ASL/LBD"	"Bowman, Kohchi, Yamato, et al., Cell 171(2):287-304.e15"	10.1016/j.cell.2017.09.030
Mp5g21080	Mapoly0058s0090	ASL/LBD	MpASLBD7	MpASLBD7	"transcription factor, ASL/LBD"	"Bowman, Kohchi, Yamato, et al., Cell 171(2):287-304.e15"	10.1016/j.cell.2017.09.030
Mp6g08290	Mapoly0060s0092	ASL/LBD	MpASLBD8	MpASLBD8	"transcription factor, ASL/LBD"	"Bowman, Kohchi, Yamato, et al., Cell 171(2):287-304.e15"	10.1016/j.cell.2017.09.030
Mp4g02620	Mapoly0080s0037	ASL/LBD	MpASLBD9	MpASLBD9	"transcription factor, ASL/LBD"	"Bowman, Kohchi, Yamato, et al., Cell 171(2):287-304.e15"	10.1016/j.cell.2017.09.030
Mp7g18120	Mapoly0102s0028	AThook	MpATHOOK1	MpATHOOK1	"transcription factor, AThook"	"Bowman, Kohchi, Yamato, et al., Cell 171(2):287-304.e15"	10.1016/j.cell.2017.09.030
Mp2g10280	Mapoly0129s0052	AThook	MpATHOOK2	MpATHOOK2	"transcription factor, AThook"	"Bowman, Kohchi, Yamato, et al., Cell 171(2):287-304.e15"	10.1016/j.cell.2017.09.030
Mp8g14640	Mapoly0151s0042	AThook	MpATHOOK3	MpATHOOK3	"transcription factor, AThook"	"Bowman, Kohchi, Yamato, et al., Cell 171(2):287-304.e15"	10.1016/j.cell.2017.09.030
Mp2g08790	Mapoly0015s0164	B3	MpB3-2	MpB3-2	"transcription factor, B3"	"Bowman, Kohchi, Yamato, et al., Cell 171(2):287-304.e15"	10.1016/j.cell.2017.09.030
Mp7g03700	Mapoly0074s0026	B3	MpB3-5	MpB3-5	"transcription factor, B3"	"Bowman, Kohchi, Yamato, et al., Cell 171(2):287-304.e15"	10.1016/j.cell.2017.09.030
Mp3g24780	Mapoly0183s0010	B3	MpB3-7	MpB3-7	"transcription factor, B3"	"Bowman, Kohchi, Yamato, et al., Cell 171(2):287-304.e15"	10.1016/j.cell.2017.09.030
Mp2g08260	Mapoly0474s0001	B3	MpB3-8	MpB3-8	"transcription factor, B3"	"Bowman, Kohchi, Yamato, et al., Cell 171(2):287-304.e15"	10.1016/j.cell.2017.09.030
Mp5g05940	Mapoly0027s0033	BBX	MpBBX1	MpBBX1	"transcription factor, BBX"	"Bowman, Kohchi, Yamato, et al., Cell 171(2):287-304.e15"	10.1016/j.cell.2017.09.030
Mp3g20050	Mapoly0049s0030	BBX	MpBBX2	MpBBX2	"transcription factor, BBX"	"Bowman, Kohchi, Yamato, et al., Cell 171(2):287-304.e15"	10.1016/j.cell.2017.09.030
Mp3g19670	Mapoly0049s0067	BBX	MpBBX3	MpBBX3	"transcription factor, BBX"	"Bowman, Kohchi, Yamato, et al., Cell 171(2):287-304.e15"	10.1016/j.cell.2017.09.030
Mp8g01190	Mapoly0064s0079	BBX	MpBBX4	MpBBX4	"transcription factor, BBX"	"Bowman, Kohchi, Yamato, et al., Cell 171(2):287-304.e15"	10.1016/j.cell.2017.09.030
Mp8g13470	Mapoly0110s0028	BBX	MpBBX5	MpBBX5	"transcription factor, BBX"	"Bowman, Kohchi, Yamato, et al., Cell 171(2):287-304.e15"	10.1016/j.cell.2017.09.030
Mp2g16350	Mapoly0122s0029	BBX	MpBBX6	MpBBX6	"transcription factor, BBX"	"Bowman, Kohchi, Yamato, et al., Cell 171(2):287-304.e15"	10.1016/j.cell.2017.09.030
Mp8g18310	Mapoly0213s0014	HD	MpBELL1	MpBELL1	"transcription factor, HD, homeodomain protein"	"Dierschke et al., 2020 BioRxiv"	doi:10.1101/2020.04.06.027821
Mp4g09650	Mapoly0132s0008	HD	MpBELL2	MpBELL2	"transcription factor, HD, homeodomain protein"	"Dierschke et al., 2020 BioRxiv"	doi:10.1101/2020.04.06.027821
Mp8g02970	Mapoly0012s0090	HD	MpBELL3	MpBELL3	"transcription factor, HD, homeodomain protein"	"Dierschke et al., 2020 BioRxiv"	doi:10.1101/2020.04.06.027821
Mp8g07680	Mapoly0013s0027	HD	MpBELL4	MpBELL4	"transcription factor, HD, homeodomain protein"	"Dierschke et al., 2020 BioRxiv"	doi:10.1101/2020.04.06.027821
Mp5g11060	Mapoly0093s0028	HD	MpBELL5	MpBELL5	"transcription factor, HD, homeodomain protein"	"Dierschke et al., 2020 BioRxiv"	doi:10.1101/2020.04.06.027821
Mp5g03020	Mapoly0124s0021	bHLH	MpBHLH1	MpBHLH1	"transcription factor, bHLH"	"Bowman, Kohchi, Yamato, et al., Cell 171(2):287-304.e15"	10.1016/j.cell.2017.09.030
Mp4g01540	Mapoly0098s0046	bHLH	MpBHLH10	MpBHLH10	"transcription factor, bHLH"	"Bowman, Kohchi, Yamato, et al., Cell 171(2):287-304.e15"	10.1016/j.cell.2017.09.030
Mp4g15560	Mapoly0054s0021	bHLH	MpBHLH11	MpBHLH11	"transcription factor, bHLH"	"Bowman, Kohchi, Yamato, et al., Cell 171(2):287-304.e15"	10.1016/j.cell.2017.09.030
Mp2g05070	Mapoly0031s0161	bHLH	MpBHLH12	MpBHLH12	"transcription factor, bHLH"	"Bowman, Kohchi, Yamato, et al., Cell 171(2):287-304.e15"	10.1016/j.cell.2017.09.030
Mp2g20990	Mapoly0040s0112	bHLH	MpBHLH13	MpBHLH13	"transcription factor, bHLH"	"Bowman, Kohchi, Yamato, et al., Cell 171(2):287-304.e15"	10.1016/j.cell.2017.09.030
Mp3g17930	Mapoly0039s0003	bHLH	MpBHLH14	MpBHLH14	"transcription factor, bHLH"	"Bowman, Kohchi, Yamato, et al., Cell 171(2):287-304.e15"	10.1016/j.cell.2017.09.030
Mp6g18480	Mapoly0038s0058	bHLH	MpBHLH15	MpBHLH15	"transcription factor, bHLH"	"Bowman, Kohchi, Yamato, et al., Cell 171(2):287-304.e15"	10.1016/j.cell.2017.09.030
Mp4g04910	Mapoly0150s0015	bHLH	MpBHLH16	MpBHLH16	"transcription factor, bHLH"	"Bowman, Kohchi, Yamato, et al., Cell 171(2):287-304.e15"	10.1016/j.cell.2017.09.030
Mp4g04920	Mapoly0150s0016	bHLH	MpBHLH17	MpBHLH17	"transcription factor, bHLH"	"Bowman, Kohchi, Yamato, et al., Cell 171(2):287-304.e15"	10.1016/j.cell.2017.09.030
Mp6g10690	Mapoly0016s0110	bHLH	MpBHLH18	MpBHLH18	"transcription factor, bHLH"	"Bowman, Kohchi, Yamato, et al., Cell 171(2):287-304.e15"	10.1016/j.cell.2017.09.030
Mp7g02370	Mapoly0088s0049	bHLH	MpBHLH19	MpBHLH19	"transcription factor, bHLH"	"Bowman, Kohchi, Yamato, et al., Cell 171(2):287-304.e15"	10.1016/j.cell.2017.09.030
Mp2g00890	Mapoly0028s0062	bHLH	MpBHLH2	MpBHLH2	"transcription factor, bHLH"	"Bowman, Kohchi, Yamato, et al., Cell 171(2):287-304.e15"	10.1016/j.cell.2017.09.030
Mp3g23300	Mapoly0024s0106	bHLH	MpBHLH20	MpBHLH20	"transcription factor, bHLH"	"Bowman, Kohchi, Yamato, et al., Cell 171(2):287-304.e15"	10.1016/j.cell.2017.09.030
Mp3g11900	Mapoly0037s0007	bHLH	MpBHLH21	MpBHLH21	"transcription factor, bHLH"	"Bowman, Kohchi, Yamato, et al., Cell 171(2):287-304.e15"	10.1016/j.cell.2017.09.030
Mp8g18080	Mapoly0030s0141	bHLH	MpBHLH22	MpBHLH22	"transcription factor, bHLH"	"Bowman, Kohchi, Yamato, et al., Cell 171(2):287-304.e15"	10.1016/j.cell.2017.09.030
Mp4g06170	Mapoly0114s0037	bHLH	MpBHLH23	MpBHLH23	"transcription factor, bHLH"	"Bowman, Kohchi, Yamato, et al., Cell 171(2):287-304.e15"	10.1016/j.cell.2017.09.030
Mp8g04130	Mapoly0012s0202	bHLH	MpBHLH24	MpBHLH24	"transcription factor, bHLH"	"Bowman, Kohchi, Yamato, et al., Cell 171(2):287-304.e15"	10.1016/j.cell.2017.09.030
Mp8g02290	Mapoly0012s0026	bHLH	MpBHLH25	MpBHLH25	"transcription factor, bHLH"	"Bowman, Kohchi, Yamato, et al., Cell 171(2):287-304.e15"	10.1016/j.cell.2017.09.030
Mp1g19210	Mapoly0001s0259	bHLH	MpBHLH27	MpBHLH27	"transcription factor, bHLH"	"Bowman, Kohchi, Yamato, et al., Cell 171(2):287-304.e15"	10.1016/j.cell.2017.09.030
Mp6g21470	Mapoly0091s0008	bHLH	MpBHLH28	MpBHLH28	"transcription factor, bHLH"	"Bowman, Kohchi, Yamato, et al., Cell 171(2):287-304.e15"	10.1016/j.cell.2017.09.030
Mp2g07150	Mapoly0015s0003	bHLH	MpBHLH29	MpBHLH29	"transcription factor, bHLH"	"Bowman, Kohchi, Yamato, et al., Cell 171(2):287-304.e15"	10.1016/j.cell.2017.09.030
Mp2g00910	Mapoly0028s0060	bHLH	MpBHLH3	MpBHLH3	"transcription factor, bHLH"	"Bowman, Kohchi, Yamato, et al., Cell 171(2):287-304.e15"	10.1016/j.cell.2017.09.030
Mp2g07130	Mapoly0015s0001	bHLH	MpBHLH30	MpBHLH30	"transcription factor, bHLH"	"Bowman, Kohchi, Yamato, et al., Cell 171(2):287-304.e15"	10.1016/j.cell.2017.09.030
Mp2g07110	Mapoly0232s0001	bHLH	MpBHLH31	MpBHLH31	"transcription factor, bHLH"	"Bowman, Kohchi, Yamato, et al., Cell 171(2):287-304.e15"	10.1016/j.cell.2017.09.030
Mp6g04650	Mapoly0034s0053	bHLH	MpBHLH32	MpBHLH32	"transcription factor, bHLH"	"Bowman, Kohchi, Yamato, et al., Cell 171(2):287-304.e15"	10.1016/j.cell.2017.09.030
Mp1g01110	Mapoly0029s0135	bHLH	MpBHLH33	MpBHLH33	"transcription factor, bHLH"	"Bowman, Kohchi, Yamato, et al., Cell 171(2):287-304.e15"	10.1016/j.cell.2017.09.030
Mp1g01160	Mapoly0029s0130	bHLH	MpBHLH34	MpBHLH34	"transcription factor, bHLH"	"Bowman, Kohchi, Yamato, et al., Cell 171(2):287-304.e15"	10.1016/j.cell.2017.09.030
Mp2g04160	Mapoly0031s0072	bHLH	MpBHLH35	MpBHLH35	"transcription factor, bHLH"	"Bowman, Kohchi, Yamato, et al., Cell 171(2):287-304.e15"	10.1016/j.cell.2017.09.030
Mp2g04180	Mapoly0031s0074	bHLH	MpBHLH36	MpBHLH36	"transcription factor, bHLH"	"Bowman, Kohchi, Yamato, et al., Cell 171(2):287-304.e15"	10.1016/j.cell.2017.09.030
Mp2g04200	Mapoly0031s0076	bHLH	MpBHLH37	MpBHLH37	"transcription factor, bHLH"	"Bowman, Kohchi, Yamato, et al., Cell 171(2):287-304.e15"	10.1016/j.cell.2017.09.030
Mp4g19650	Mapoly0126s0029	bHLH	MpBHLH38	MpBHLH38	"transcription factor, bHLH"	"Bowman, Kohchi, Yamato, et al., Cell 171(2):287-304.e15"	10.1016/j.cell.2017.09.030
Mp5g18820	Mapoly0073s0059	bHLH	MpBHLH39	MpBHLH39	"transcription factor, bHLH"	"Bowman, Kohchi, Yamato, et al., Cell 171(2):287-304.e15"	10.1016/j.cell.2017.09.030
Mp2g00930	Mapoly0028s0058	bHLH	MpBHLH4	MpBHLH4	"transcription factor, bHLH"	"Bowman, Kohchi, Yamato, et al., Cell 171(2):287-304.e15"	10.1016/j.cell.2017.09.030
Mp5g18910	Mapoly0073s0051	bHLH	MpBHLH40	MpBHLH40	"transcription factor, bHLH"	"Bowman, Kohchi, Yamato, et al., Cell 171(2):287-304.e15"	10.1016/j.cell.2017.09.030
Mp3g25200	Mapoly0100s0033	bHLH	MpBHLH41	MpBHLH41	"transcription factor, bHLH"	"Bowman, Kohchi, Yamato, et al., Cell 171(2):287-304.e15"	10.1016/j.cell.2017.09.030
Mp5g09710	Mapoly0048s0099	bHLH	MpBHLH42	MpBHLH42	"transcription factor, bHLH"	"Bowman, Kohchi, Yamato, et al., Cell 171(2):287-304.e15"	10.1016/j.cell.2017.09.030
Mpzg01410	Mapoly0502s0001	bHLH	MpBHLH43	MpBHLH43	"transcription factor, bHLH"	"Bowman, Kohchi, Yamato, et al., Cell 171(2):287-304.e15"	10.1016/j.cell.2017.09.030
Mp4g12420	Mapoly0174s0004	bHLH	MpBHLH44	MpBHLH44	"transcription factor, bHLH"	"Bowman, Kohchi, Yamato, et al., Cell 171(2):287-304.e15"	10.1016/j.cell.2017.09.030
Mp2g19970	Mapoly0055s0052	bHLH	MpBHLH45	MpBHLH45	"transcription factor, bHLH"	"Bowman, Kohchi, Yamato, et al., Cell 171(2):287-304.e15"	10.1016/j.cell.2017.09.030
MpVg00340	MapolyY_B0018	bHLH	MpBHLH46	MpBHLH46	"transcription factor, bHLH"	"Bowman, Kohchi, Yamato, et al., Cell 171(2):287-304.e15"	10.1016/j.cell.2017.09.030
Mp2g00500	Mapoly0028s0101	bHLH	MpBHLH47	MpBHLH47	"transcription factor, bHLH"	"Bowman, Kohchi, Yamato, et al., Cell 171(2):287-304.e15"	10.1016/j.cell.2017.09.030
Mp2g00510	Mapoly0028s0100	bHLH	MpBHLH48	MpBHLH48	"transcription factor, bHLH"	"Bowman, Kohchi, Yamato, et al., Cell 171(2):287-304.e15"	10.1016/j.cell.2017.09.030
Mp2g26400	Mapoly0025s0044	bHLH	MpBHLH49	MpBHLH49	"transcription factor, bHLH"	"Bowman, Kohchi, Yamato, et al., Cell 171(2):287-304.e15"	10.1016/j.cell.2017.09.030
Mp6g03670	Mapoly0035s0146	bHLH	MpBHLH5	MpBHLH5	"transcription factor, bHLH"	"Bowman, Kohchi, Yamato, et al., Cell 171(2):287-304.e15"	10.1016/j.cell.2017.09.030
Mp2g04190	Mapoly0031s0075	bHLH	MpBHLH50	MpBHLH50	"transcription factor, bHLH"	"Bowman, Kohchi, Yamato, et al., Cell 171(2):287-304.e15"	10.1016/j.cell.2017.09.030
Mp8g06230	Mapoly0013s0167	bHLH	MpBHLH51	MpBHLH51	"transcription factor, bHLH"	"Bowman, Kohchi, Yamato, et al., Cell 171(2):287-304.e15"	10.1016/j.cell.2017.09.030
Mp7g16430	Mapoly0123s0025	bHLH	MpBHLH52	MpBHLH52	"transcription factor, bHLH"		
MpVg00835	-	bHLH	MpBHLH53	MpBHLH53	"transcription factor, bHLH"		
MpVg00880	MapolyY_A0030	bHLH	MpBHLH54	MpBHLH54	"transcription factor, bHLH"		
Mp3g17350	Mapoly0039s0059	bHLH	MpBHLH6	MpBHLH6	"transcription factor, bHLH"	"Bowman, Kohchi, Yamato, et al., Cell 171(2):287-304.e15"	10.1016/j.cell.2017.09.030
Mp3g17260	Mapoly0039s0068	bHLH	MpBHLH7	MpBHLH7	"transcription factor, bHLH"	"Bowman, Kohchi, Yamato, et al., Cell 171(2):287-304.e15"	10.1016/j.cell.2017.09.030
Mp2g06450	Mapoly0021s0100	bHLH	MpBHLH8	MpBHLH8	"transcription factor, bHLH"	"Bowman, Kohchi, Yamato, et al., Cell 171(2):287-304.e15"	10.1016/j.cell.2017.09.030
Mp2g06460	Mapoly0021s0101	bHLH	MpBHLH9	MpBHLH9	"transcription factor, bHLH"	"Bowman, Kohchi, Yamato, et al., Cell 171(2):287-304.e15"	10.1016/j.cell.2017.09.030
MpVg00350	MapolyY_B0017	BBR-BPC	MpBPC2	MpBPC2	"transcription factor, BBR/BPC (obsolete)"	"Bowman, Kohchi, Yamato, et al., Cell 171(2):287-304.e15"	10.1016/j.cell.2017.09.030
MpUg00370	Mapoly0018s0011	BBR-BPC	MpBPCU	MpBPCU	"transcription factor, BBR/BPC"	"Bowman, Kohchi, Yamato, et al., Cell 171(2):287-304.e15"	10.1016/j.cell.2017.09.030
Mp1g16800	Mapoly0001s0021	bZIP	MpBZIP1	MpBZIP1	"transcription factor, bZIP"	"Bowman, Kohchi, Yamato, et al., Cell 171(2):287-304.e15"	10.1016/j.cell.2017.09.030
Mp7g00210	Mapoly0046s0102	bZIP	MpBZIP10	MpBZIP10	"transcription factor, bZIP"	"Bowman, Kohchi, Yamato, et al., Cell 171(2):287-304.e15"	10.1016/j.cell.2017.09.030
Mp2g16440	Mapoly0122s0020	bZIP	MpBZIP13	MpBZIP13	"transcription factor, bZIP"	"Bowman, Kohchi, Yamato, et al., Cell 171(2):287-304.e15"	10.1016/j.cell.2017.09.030
Mp2g02230	Mapoly0130s0030	bZIP	MpBZIP14	MpBZIP14	"transcription factor, bZIP"	"Bowman, Kohchi, Yamato, et al., Cell 171(2):287-304.e15"	10.1016/j.cell.2017.09.030
Mp1g03580	Mapoly0737s0001	bZIP	MpBZIP15	MpBZIP15	"transcription factor, bZIP"	"Bowman, Kohchi, Yamato, et al., Cell 171(2):287-304.e15"	10.1016/j.cell.2017.09.030
Mp3g00600	Mapoly0007s0056	bZIP	MpBZIP2	MpBZIP2	"transcription factor, bZIP"	"Bowman, Kohchi, Yamato, et al., Cell 171(2):287-304.e15"	10.1016/j.cell.2017.09.030
Mp8g03820	Mapoly0012s0172	bZIP	MpBZIP3	MpBZIP3	"transcription factor, bZIP"	"Bowman, Kohchi, Yamato, et al., Cell 171(2):287-304.e15"	10.1016/j.cell.2017.09.030
Mp2g07170	Mapoly0015s0005	bZIP	MpBZIP4	MpBZIP4	"transcription factor, bZIP"	"Bowman, Kohchi, Yamato, et al., Cell 171(2):287-304.e15"	10.1016/j.cell.2017.09.030
Mp6g10570	Mapoly0016s0098	bZIP	MpBZIP5	MpBZIP5	"transcription factor, bZIP"	"Bowman, Kohchi, Yamato, et al., Cell 171(2):287-304.e15"	10.1016/j.cell.2017.09.030
Mp1g12700	Mapoly0019s0040	bZIP	MpBZIP6	MpBZIP6	"transcription factor, bZIP"	"Bowman, Kohchi, Yamato, et al., Cell 171(2):287-304.e15"	10.1016/j.cell.2017.09.030
Mp3g04360	Mapoly0022s0095	bZIP	MpBZIP7	MpBZIP7	"transcription factor, bZIP"	"Bowman, Kohchi, Yamato, et al., Cell 171(2):287-304.e15"	10.1016/j.cell.2017.09.030
Mp2g13330	Mapoly0026s0039	bZIP	MpBZIP8	MpBZIP8	"transcription factor, bZIP"	"Bowman, Kohchi, Yamato, et al., Cell 171(2):287-304.e15"	10.1016/j.cell.2017.09.030
Mp6g03920	Mapoly0034s0126	bZIP	MpBZIP9	MpBZIP9	"transcription factor, bZIP"	"Bowman, Kohchi, Yamato, et al., Cell 171(2):287-304.e15"	10.1016/j.cell.2017.09.030
Mp8g07390	Mapoly0013s0054	BZR/BES	MpBZR1	MpBZR1	"transcription factor, BZR/BES"	"Bowman, Kohchi, Yamato, et al., Cell 171(2):287-304.e15"	10.1016/j.cell.2017.09.030
Mp1g13260	Mapoly0019s0096	BZR/BES	MpBZR2	MpBZR2	"transcription factor, BZR/BES"	"Bowman, Kohchi, Yamato, et al., Cell 171(2):287-304.e15"	10.1016/j.cell.2017.09.030
Mp2g23000	Mapoly0072s0031	BZR/BES	MpBZR3	MpBZR3	"transcription factor, BZR/BES"	"Bowman, Kohchi, Yamato, et al., Cell 171(2):287-304.e15"	10.1016/j.cell.2017.09.030
Mp3g02320	Mapoly0007s0221	HD-ZIP	MpC1HDZ	MpC1HDZ	"transcription factor, HD, homeodomain protein"	"Bowman, Kohchi, Yamato, et al., Cell 171(2):287-304.e15"	10.1016/j.cell.2017.09.030
Mp7g12340	Mapoly0003s0245	C2H2	MpC2H2-1	MpC2H2-1	"transcription factor, C2H2-ZnF"	"Bowman, Kohchi, Yamato, et al., Cell 171(2):287-304.e15"	10.1016/j.cell.2017.09.030
Mp2g24110	Mapoly0069s0060	C2H2	MpC2H2-10	MpC2H2-10	"transcription factor, C2H2-ZnF"	"Bowman, Kohchi, Yamato, et al., Cell 171(2):287-304.e15"	10.1016/j.cell.2017.09.030
Mp2g24330	Mapoly0069s0082	C2H2	MpC2H2-11	MpC2H2-11	"transcription factor, C2H2-ZnF"	"Bowman, Kohchi, Yamato, et al., Cell 171(2):287-304.e15"	10.1016/j.cell.2017.09.030
Mp4g13860	Mapoly0070s0095	C2H2	MpC2H2-12	MpC2H2-12	"transcription factor, C2H2-ZnF"	"Bowman, Kohchi, Yamato, et al., Cell 171(2):287-304.e15"	10.1016/j.cell.2017.09.030
Mp3g09820	Mapoly0085s0044	C2H2	MpC2H2-13	MpC2H2-13	"transcription factor, C2H2-ZnF"	"Bowman, Kohchi, Yamato, et al., Cell 171(2):287-304.e15"	10.1016/j.cell.2017.09.030
Mp3g21490	Mapoly0089s0067	C2H2	MpC2H2-14	MpC2H2-14	"transcription factor, C2H2-ZnF"	"Bowman, Kohchi, Yamato, et al., Cell 171(2):287-304.e15"	10.1016/j.cell.2017.09.030
Mp5g09220	Mapoly0095s0037	C2H2	MpC2H2-15	MpC2H2-15	"transcription factor, C2H2-ZnF"	"Bowman, Kohchi, Yamato, et al., Cell 171(2):287-304.e15"	10.1016/j.cell.2017.09.030
Mpzg00170	Mapoly0110s0001	C2H2	MpC2H2-16	MpC2H2-16	"transcription factor, C2H2-ZnF"	"Bowman, Kohchi, Yamato, et al., Cell 171(2):287-304.e15"	10.1016/j.cell.2017.09.030
Mp1g14520	Mapoly0153s0037	C2H2	MpC2H2-17	MpC2H2-17	"transcription factor, C2H2-ZnF"	"Bowman, Kohchi, Yamato, et al., Cell 171(2):287-304.e15"	10.1016/j.cell.2017.09.030
Mp4g14530	Mapoly0070s0028	C2H2	MpC2H2-18	MpC2H2-18	"transcription factor, C3H"	"Bowman, Kohchi, Yamato, et al., Cell 171(2):287-304.e15"	10.1016/j.cell.2017.09.030
Mp3g19580	Mapoly0049s0076	C2H2	MpC2H2-19	MpC2H2-19	"transcription factor, C2H2-ZnF"	"PlantTFDB. Jin et al., 2017 Jan 4;45(D1):D1040-D1045"	doi:10.1093/nar/gkw982
Mp3g05940	Mapoly0006s0064	C2H2	MpC2H2-2	MpC2H2-2	"transcription factor, C2H2-ZnF"	"Bowman, Kohchi, Yamato, et al., Cell 171(2):287-304.e15"	10.1016/j.cell.2017.09.030
Mp3g09590	Mapoly0085s0068	C2H2	MpC2H2-20	MpC2H2-20	"transcription factor, C2H2-ZnF"	"PlantTFDB. Jin et al., 2017 Jan 4;45(D1):D1040-D1045"	doi:10.1093/nar/gkw982
Mp3g11570	Mapoly0037s0040	C2H2	MpC2H2-21	MpC2H2-21	"transcription factor, C2H2-ZnF"	"PlantTFDB. Jin et al., 2017 Jan 4;45(D1):D1040-D1045"	doi:10.1093/nar/gkw982
Mp4g11030	Mapoly0011s0088	C2H2	MpC2H2-22	MpC2H2-22	"transcription factor, C2H2-ZnF"	"PlantTFDB. Jin et al., 2017 Jan 4;45(D1):D1040-D1045"	doi:10.1093/nar/gkw982
Mp6g04430	Mapoly0034s0076	C2H2	MpC2H2-23	MpC2H2-23	"transcription factor, C2H2-ZnF"	"PlantTFDB. Jin et al., 2017 Jan 4;45(D1):D1040-D1045"	doi:10.1093/nar/gkw982
Mp7g02220	Mapoly0088s0065	C2H2	MpC2H2-24	MpC2H2-24	"transcription factor, C2H2-ZnF"	"PlantTFDB. Jin et al., 2017 Jan 4;45(D1):D1040-D1045"	doi:10.1093/nar/gkw982
Mp8g14220	Mapoly0108s0049	C2H2	MpC2H2-26	MpC2H2-26	"transcription factor, C2H2-ZnF"	"PlantTFDB. Jin et al., 2017 Jan 4;45(D1):D1040-D1045"	doi:10.1093/nar/gkw982
Mp4g11380	Mapoly0011s0122	C2H2	MpC2H2-3	MpC2H2-3	"transcription factor, C2H2-ZnF"	"Bowman, Kohchi, Yamato, et al., Cell 171(2):287-304.e15"	10.1016/j.cell.2017.09.030
Mp6g10210	Mapoly0016s0064	C2H2	MpC2H2-4	MpC2H2-4	"transcription factor, C2H2-ZnF"	"Bowman, Kohchi, Yamato, et al., Cell 171(2):287-304.e15"	10.1016/j.cell.2017.09.030
Mp1g13450	Mapoly0019s0115	C2H3	MpC2H2-5	MpC2H2-5	"transcription factor, C2H2-ZnF"	"Bowman, Kohchi, Yamato, et al., Cell 171(2):287-304.e15"	10.1016/j.cell.2017.09.030
Mp1g02250	Mapoly0029s0022	C2H4	MpC2H2-6	MpC2H2-6	"transcription factor, C2H2-ZnF"	"Bowman, Kohchi, Yamato, et al., Cell 171(2):287-304.e15"	10.1016/j.cell.2017.09.030
Mp4g18170	Mapoly0041s0098	C2H5	MpC2H2-7	MpC2H2-7	"transcription factor, C2H2-ZnF"	"Bowman, Kohchi, Yamato, et al., Cell 171(2):287-304.e15"	10.1016/j.cell.2017.09.030
Mp1g25020	Mapoly0061s0023	C2H2	MpC2H2-8	MpC2H2-8	"transcription factor, C2H2-ZnF"	"Bowman, Kohchi, Yamato, et al., Cell 171(2):287-304.e15"	10.1016/j.cell.2017.09.030
Mp7g09260	Mapoly0068s0079	C2H2	MpC2H2-9	MpC2H2-9	"transcription factor, C2H2-ZnF"	"Bowman, Kohchi, Yamato, et al., Cell 171(2):287-304.e15"	10.1016/j.cell.2017.09.030
Mp2g24200	Mapoly0069s0069	HD-ZIP	MpC2HDZ	MpC2HDZ	"transcription factor, HD, homeodomain protein"	"Bowman, Kohchi, Yamato, et al., Cell 171(2):287-304.e15"	10.1016/j.cell.2017.09.030
Mp1g00530	Mapoly0103s0034	C3H	MpC3H1	MpC3H1	"transcription factor, C3H"		
Mp2g13910	Mapoly0042s0020	C3H	MpC3H10	MpC3H10	"transcription factor, C3H"		
Mp2g25420	Mapoly0025s0136	C3H	MpC3H11	MpC3H11	"transcription factor, C3H"		
Mp3g23720	Mapoly0121s0050	C3H	MpC3H12	MpC3H12	"transcription factor, C3H"		
Mp3g25110	Mapoly0100s0024	C3H	MpC3H13	MpC3H13	"transcription factor, C3H"		
Mp4g00280	Mapoly0066s0113	C3H	MpC3H14	MpC3H14	"transcription factor, C3H"		
Mp4g02260	Mapoly0080s0073	C3H	MpC3H15	MpC3H15	"transcription factor, C3H"		
Mp4g08690	Mapoly0157s0010	C3H	MpC3H16	MpC3H16	"transcription factor, C3H"		
Mp4g15460	Mapoly0054s0011	C3H	MpC3H18	MpC3H18	"transcription factor, C3H"		
Mp5g00110	Mapoly0078s0012	C3H	MpC3H19	MpC3H19	"transcription factor, C3H"		
Mp1g03200	Mapoly0005s0287	C3H	MpC3H2	MpC3H2	"transcription factor, C3H"		
Mp5g21520	Mapoly0106s0048	C3H	MpC3H20	MpC3H20	"transcription factor, C3H"		
Mp5g23860	Mapoly0010s0070	C3H	MpC3H21	MpC3H21	"transcription factor, C3H"		
Mp6g05720	Mapoly0097s0070	C3H	MpC3H23	MpC3H23	"transcription factor, C3H"		
Mp6g15200	Mapoly0056s0030	C3H	MpC3H24	MpC3H24	"transcription factor, C3H"		
Mp6g16120	Mapoly0056s0123	C3H	MpC3H25	MpC3H25	"transcription factor, C3H"		
Mp6g21420	Mapoly0091s0013	C3H	MpC3H26	MpC3H26	"transcription factor, C3H"		
Mp7g01800	Mapoly0099s0053	C3H	MpC3H27	MpC3H27	"transcription factor, C3H"		
Mp7g14310	Mapoly0009s0116	C3H	MpC3H28	MpC3H28	"transcription factor, C3H"		
Mp7g15840	Mapoly0111s0035	C3H	MpC3H29	MpC3H29	"transcription factor, C3H"		
Mp1g05400	Mapoly0005s0067	C3H	MpC3H3	MpC3H3	"transcription factor, C3H"		
Mp7g18530	Mapoly0165s0013	C3H	MpC3H30	MpC3H30	"transcription factor, C3H"		
Mp8g06500	Mapoly0013s0140	C3H	MpC3H32	MpC3H32	"transcription factor, C3H"		
Mp8g15710	Mapoly0079s0042	C3H	MpC3H33	MpC3H33	"transcription factor, C3H"		
Mp8g18820	Mapoly0131s0021	C3H	MpC3H34	MpC3H34	"transcription factor, C3H"		
Mp3g20900	Mapoly0159s0020	C3H	MpC3H35	MpC3H35	"transcription factor, C3H"	"PlantTFDB. Jin et al., 2017 Jan 4;45(D1):D1040-D1045"	doi:10.1093/nar/gkw982
Mp7g19570	Mapoly0067s0020	C3H	MpC3H36	MpC3H36	"transcription factor, C3H"	"PlantTFDB. Jin et al., 2017 Jan 4;45(D1):D1040-D1045"	doi:10.1093/nar/gkw982
Mp8g09500	Mapoly0359s0001	C3H	MpC3H37	MpC3H37	"transcription factor, C3H"	"PlantTFDB. Jin et al., 2017 Jan 4;45(D1):D1040-D1045"	doi:10.1093/nar/gkw982
Mp8g12100	Mapoly0008s0006	C3H	MpC3H38	MpC3H38	"transcription factor, C3H"	"PlantTFDB. Jin et al., 2017 Jan 4;45(D1):D1040-D1045"	doi:10.1093/nar/gkw982
Mp1g05630	Mapoly0005s0044	C3H	MpC3H4	MpC3H4	"transcription factor, C3H"		
Mp1g09040	Mapoly0036s0144	C3H	MpC3H5	MpC3H5	"transcription factor, C3H"		
Mp1g10300	Mapoly0014s0196	C3H	MpC3H6	MpC3H6	"transcription factor, C3H"		
Mp2g02990	Mapoly0075s0060	C3H	MpC3H7	MpC3H7	"transcription factor, C3H"		
Mp2g05060	Mapoly0031s0160	C3H	MpC3H8	MpC3H8	"transcription factor, C3H"		
Mp2g10620	Mapoly0023s0030	C3H	MpC3H9	MpC3H9	"transcription factor, C3H"		
Mp1g24140	Mapoly0061s0107	HD-ZIP	MpC3HDZ	MpC3HDZ	"transcription factor, HD, homeodomain protein"	"Bowman, Kohchi, Yamato, et al., Cell 171(2):287-304.e15"	10.1016/j.cell.2017.09.030
Mp7g09710	Mapoly0156s0012	HD-ZIP	MpC4HDZ	MpC4HDZ	"transcription factor, HD, homeodomain protein"	"Zalewski et al., Mol. Biol. Evol. 30, 2347-2365 (2013)."	
Mp7g03150	Mapoly0074s0081	CAMTA	MpCAMTA	MpCAMTA	"transcription factor, CAMTA"	"Bowman, Kohchi, Yamato, et al., Cell 171(2):287-304.e15"	10.1016/j.cell.2017.09.030
Mp4g12650	Mapoly0138s0004	CBF5	MpCBF5	MpCBF5	"transcription factor, CBF5"	"Bowman, Kohchi, Yamato, et al., Cell 171(2):287-304.e15"	10.1016/j.cell.2017.09.030
Mp1g13740	Mapoly0019s0144	NF-YA	MpCCAAT-NFYA	MpCCAAT-NFYA	"transcription factor, CCAAT-NFYA"	"Bowman, Kohchi, Yamato, et al., Cell 171(2):287-304.e15"	10.1016/j.cell.2017.09.030
Mp4g13360	Mapoly0214s0002	NF-YB	MpCCAAT-NFYB1	MpCCAAT-NFYB1	"transcription factor, CCAAT-NFYB"	"Bowman, Kohchi, Yamato, et al., Cell 171(2):287-304.e15"	10.1016/j.cell.2017.09.030
Mp8g04400	Mapoly0216s0010	NF-YB	MpCCAAT-NFYB2	MpCCAAT-NFYB2	"transcription factor, CCAAT-NFYB"	"Bowman, Kohchi, Yamato, et al., Cell 171(2):287-304.e15"	10.1016/j.cell.2017.09.030
Mp3g09110	Mapoly0105s0006	NF-YB	MpCCAAT-NFYB3	MpCCAAT-NFYB3	"transcription factor, CCAAT-NFYB"	"PlantTFDB. Jin et al., 2017 Jan 4;45(D1):D1040-D1045"	doi:10.1093/nar/gkw982
Mp6g02950	Mapoly0035s0081	NF-YB	MpCCAAT-NFYB4	MpCCAAT-NFYB4	"transcription factor, CCAAT-NFYB"	"PlantTFDB. Jin et al., 2017 Jan 4;45(D1):D1040-D1045"	doi:10.1093/nar/gkw982
Mp6g07410	Mapoly0053s0055	NF-YB	MpCCAAT-NFYB5	MpCCAAT-NFYB5	"transcription factor, CCAAT-NFYB"	"PlantTFDB. Jin et al., 2017 Jan 4;45(D1):D1040-D1045"	doi:10.1093/nar/gkw982
Mp8g04330	Mapoly0257s0002	NF-YB	MpCCAAT-NFYB6	MpCCAAT-NFYB6	"transcription factor, CCAAT-NFYB"	"PlantTFDB. Jin et al., 2017 Jan 4;45(D1):D1040-D1045"	doi:10.1093/nar/gkw982
Mp1g04550	Mapoly0005s0152	NF-YC	MpCCAAT-NFYC1	MpCCAAT-NFYC1	"transcription factor, CCAAT-NFYC"	"Bowman, Kohchi, Yamato, et al., Cell 171(2):287-304.e15"	10.1016/j.cell.2017.09.030
Mp6g07440	Mapoly0053s0058	NF-YC	MpCCAAT-NFYC2	MpCCAAT-NFYC2	"transcription factor, CCAAT-NFYC"	"Bowman, Kohchi, Yamato, et al., Cell 171(2):287-304.e15"	10.1016/j.cell.2017.09.030
Mp2g25260	Mapoly0168s0007	NF-YC	MpCCAAT-NFYC3	MpCCAAT-NFYC3	"transcription factor, CCAAT-NFYC"	"Bowman, Kohchi, Yamato, et al., Cell 171(2):287-304.e15"	10.1016/j.cell.2017.09.030
Mp1g01960	Mapoly0029s0049	NF-YC	MpCCAAT-NFYC4	MpCCAAT-NFYC4	"transcription factor, CCAAT-NFYC"	"PlantTFDB. Jin et al., 2017 Jan 4;45(D1):D1040-D1045"	doi:10.1093/nar/gkw982
Mp1g16880	Mapoly0001s0028	NF-YC	MpCCAAT-NFYC5	MpCCAAT-NFYC5	"transcription factor, CCAAT-NFYC"	"PlantTFDB. Jin et al., 2017 Jan 4;45(D1):D1040-D1045"	doi:10.1093/nar/gkw982
Mp1g10310	Mapoly0014s0195	MYB	MpCDC5	MpCDC5	"transcription factor, MYB"	"Bowman, Kohchi, Yamato, et al., Cell 171(2):287-304.e15"	10.1016/j.cell.2017.09.030
Mp1g18540	Mapoly0001s0192	Dof	MpCDF	MpCDF	"transcription factor, Dof"	"Bowman, Kohchi, Yamato, et al., Cell 171(2):287-304.e15"	10.1016/j.cell.2017.09.030
Mp1g04040	Mapoly0005s0203	CSD	MpCSD	MpCSD	"transcription factor, CSD"	"Bowman, Kohchi, Yamato, et al., Cell 171(2):287-304.e15"	10.1016/j.cell.2017.09.030
Mp6g02590	MpCUCA	NAC	MpCUCA	MpCUCA	"transcription factor, NAC"		
Mp2g11520	Mapoly0023s0118	CXC	MpCXC1	MpCXC1	"transcription factor, CXC"	"Bowman, Kohchi, Yamato, et al., Cell 171(2):287-304.e15"	10.1016/j.cell.2017.09.030
Mp6g18860	Mapoly0038s0096	CXC	MpCXC2	MpCXC2	"transcription factor, CXC"	"Bowman, Kohchi, Yamato, et al., Cell 171(2):287-304.e15"	10.1016/j.cell.2017.09.030
Mp5g18040	Mapoly0084s0051	CXC	MpCXC3	MpCXC3	"transcription factor, CXC"	"Bowman, Kohchi, Yamato, et al., Cell 171(2):287-304.e15"	10.1016/j.cell.2017.09.030
Mp1g04480	Mapoly0005s0159	HD	MpDDT1	MpDDT1	"transcription factor, HD, homeodomain protein"	"Bowman, Kohchi, Yamato, et al., Cell 171(2):287-304.e15"	10.1016/j.cell.2017.09.030
Mp1g02320	Mapoly0029s0015	HD	MpDDT2	MpDDT2	"transcription factor, HD, homeodomain protein"	"Bowman, Kohchi, Yamato, et al., Cell 171(2):287-304.e15"	10.1016/j.cell.2017.09.030
Mp3g20990	Mapoly0159s0029	E2F/DP/DEL	MpDEL1	MpDEL1	"transcription factor, E2F/DP/DEL"	"Bowman, Kohchi, Yamato, et al., Cell 171(2):287-304.e15"	10.1016/j.cell.2017.09.030
Mp5g07890	Mapoly0198s0008	E2F/DP/DEL	MpDEL2	MpDEL2	"transcription factor, E2F/DP/DEL"	"Bowman, Kohchi, Yamato, et al., Cell 171(2):287-304.e15"	10.1016/j.cell.2017.09.030
Mp5g20660	Mapoly0058s0044	GRAS	MpDELLA	MpDELLA	putative GRAS family transcription factor  DELLA	Hernandez-Garcia et al. Curr Biol. 31(16):3678-3686.e11. (2021)	10.1016/j.cub.2021.06.010
Mp2g20790	Mapoly0040s0134	Dof	MpDOF1	MpDOF1	"transcription factor, Dof"	"Bowman, Kohchi, Yamato, et al., Cell 171(2):287-304.e15"	10.1016/j.cell.2017.09.030
Mp3g12060	Mapoly0050s0010	E2F/DP/DEL	MpDP1	MpDP1	"transcription factor, E2F/DP/DEL"	"Bowman, Kohchi, Yamato, et al., Cell 171(2):287-304.e15"	10.1016/j.cell.2017.09.030
Mp4g07910	Mapoly0120s0051	E2F/DP/DEL	MpDP2	MpDP2	"transcription factor, E2F/DP/DEL"	"Bowman, Kohchi, Yamato, et al., Cell 171(2):287-304.e15"	10.1016/j.cell.2017.09.030
Mp4g06740	Mapoly0125s0019	E2F/DP/DEL	MpDP3	MpDP3	"transcription factor, E2F/DP/DEL"	"Bowman, Kohchi, Yamato, et al., Cell 171(2):287-304.e15"	10.1016/j.cell.2017.09.030
Mp1g13010	Mapoly0019s0071	MYB	MpDUO1	MpDUO1	"R2R3-myb transcription factor, ortholog of Arabidopsis thaliana DUO1"	"Higo et al., Plant Cell Physiol. 57, 325-338 (2016).; Higo et al., Nat. Commun. 9(1):5283 (2018)."	10.1093/pcp/pcw005; 10.1038/s41467-018-07728-3
Mp1g02890	Mapoly0113s0037	E2F/DP/DEL	MpE2F	MpE2F	"transcription factor, E2F/DP/DEL"	"Bowman, Kohchi, Yamato, et al., Cell 171(2):287-304.e15"	10.1016/j.cell.2017.09.030
Mp7g02640	Mapoly0088s0024	EIL	MpEIL	MpEIL	"transcription factor, EIL"	"Bowman, Kohchi, Yamato, et al., Cell 171(2):287-304.e15"	10.1016/j.cell.2017.09.030
Mp1g20040	Mapoly0001s0341	ERF	MpERF1	MpERF1	"transcription factor, AP2/ERF"	"Bowman, Kohchi, Yamato, et al., Cell 171(2):287-304.e15"	10.1016/j.cell.2017.09.030
Mp7g00860	Mapoly0046s0038	ERF	MpERF10	MpERF10	"transcription factor, AP2/ERF"	"Bowman, Kohchi, Yamato, et al., Cell 171(2):287-304.e15"	10.1016/j.cell.2017.09.030
Mp7g17020	Mapoly0051s0040	ERF	MpERF11	MpERF11	"transcription factor, AP2/ERF"	"Bowman, Kohchi, Yamato, et al., Cell 171(2):287-304.e15"	10.1016/j.cell.2017.09.030
Mp6g06870	Mapoly0053s0002	ERF	MpERF12	MpERF12	"transcription factor, AP2/ERF"	"Bowman, Kohchi, Yamato, et al., Cell 171(2):287-304.e15"	10.1016/j.cell.2017.09.030
Mp6g08690	Mapoly0060s0052	ERF	MpERF13	MpERF13	"transcription factor, AP2/ERF"	Kanazawa et al. 2020 Nature Comms	doi:10.1038/s41467-020-19978-1
Mp4g00380	Mapoly0066s0103	ERF	MpERF14	MpERF14	"transcription factor, AP2/ERF"	"Bowman, Kohchi, Yamato, et al., Cell 171(2):287-304.e15"	10.1016/j.cell.2017.09.030
Mp7g09350	Mapoly0068s0088	ERF	MpERF15	MpERF15	"transcription factor, AP2/ERF, potential ortholog of AtERF1"	"Bowman, Kohchi, Yamato, et al., Cell 171(2):287-304.e15; Li et al., 2020 Nature Plants"	10.1016/j.cell.2017.09.030; doi:10.1038/s41477-020-00784-y
Mp4g22290	Mapoly0090s0001	ERF	MpERF16	MpERF16	"transcription factor, AP2/ERF"	"Bowman, Kohchi, Yamato, et al., Cell 171(2):287-304.e15"	10.1016/j.cell.2017.09.030
Mp4g22280	Mapoly0090s0002	ERF	MpERF17	MpERF17	"transcription factor, AP2/ERF"	"Bowman, Kohchi, Yamato, et al., Cell 171(2):287-304.e15"	10.1016/j.cell.2017.09.030
Mp5g12480	Mapoly0092s0058	ERF	MpERF18	MpERF18	"transcription factor, AP2/ERF"	"Bowman, Kohchi, Yamato, et al., Cell 171(2):287-304.e15"	10.1016/j.cell.2017.09.030
Mp5g02590	Mapoly0124s0064	ERF	MpERF19	MpERF19	"transcription factor, AP2/ERF"	"Bowman, Kohchi, Yamato, et al., Cell 171(2):287-304.e15"	10.1016/j.cell.2017.09.030
Mp7g13760	Mapoly0009s0061	ERF	MpERF2	MpERF2	"transcription factor, AP2/ERF"	"Bowman, Kohchi, Yamato, et al., Cell 171(2):287-304.e15"	10.1016/j.cell.2017.09.030
Mp5g06970	Mapoly0136s0025	ERF	MpERF20	MpERF20	"transcription factor, AP2/ERF"	"Bowman, Kohchi, Yamato, et al., Cell 171(2):287-304.e15"	10.1016/j.cell.2017.09.030
Mp5g22160	Mapoly0166s0010	ERF	MpERF21	MpERF21	"transcription factor, AP2/ERF"	"Bowman, Kohchi, Yamato, et al., Cell 171(2):287-304.e15"	10.1016/j.cell.2017.09.030
Mp6g11770	Mapoly0223s0002	ERF	MpERF22	MpERF22	"transcription factor, AP2/ERF"	"Bowman, Kohchi, Yamato, et al., Cell 171(2):287-304.e15"	10.1016/j.cell.2017.09.030
Mp5g01050	Mapoly0293s0001	ERF	MpERF23	MpERF23	"transcription factor, AP2/ERF"	"Bowman, Kohchi, Yamato, et al., Cell 171(2):287-304.e15"	10.1016/j.cell.2017.09.030
Mp4g22310	Mapoly0020s0001	ERF	MpERF3	MpERF3	"transcription factor, AP2/ERF"	"Bowman, Kohchi, Yamato, et al., Cell 171(2):287-304.e15"	10.1016/j.cell.2017.09.030
Mp2g11080	Mapoly0023s0075	ERF	MpERF4	MpERF4	"transcription factor, AP2/ERF"	"Bowman, Kohchi, Yamato, et al., Cell 171(2):287-304.e15"	10.1016/j.cell.2017.09.030
Mp2g12750	Mapoly0026s0095	ERF	MpERF5	MpERF5	"transcription factor, AP2/ERF"	"Bowman, Kohchi, Yamato, et al., Cell 171(2):287-304.e15"	10.1016/j.cell.2017.09.030
Mp6g04880	Mapoly0034s0029	ERF	MpERF7	MpERF7	"transcription factor, AP2/ERF"	"Bowman, Kohchi, Yamato, et al., Cell 171(2):287-304.e15"	10.1016/j.cell.2017.09.030
Mp6g18650	Mapoly0038s0075	ERF	MpERF8	MpERF8	"transcription factor, AP2/ERF"	"Bowman, Kohchi, Yamato, et al., Cell 171(2):287-304.e15"	10.1016/j.cell.2017.09.030
Mp4g17430	Mapoly0041s0025	ERF	MpERF9	MpERF9	"transcription factor, AP2/ERF"	"Bowman, Kohchi, Yamato, et al., Cell 171(2):287-304.e15"	10.1016/j.cell.2017.09.030
Mp3g04970	Mapoly0022s0032	GARP	MpGARP1	MpGARP1	"transcription factor, GARP"	"Bowman, Kohchi, Yamato, et al., Cell 171(2):287-304.e15"	10.1016/j.cell.2017.09.030
Mp4g08700	Mapoly0157s0009	GARP	MpGARP2	MpGARP2	"transcription factor, GARP"	"Bowman, Kohchi, Yamato, et al., Cell 171(2):287-304.e15"	10.1016/j.cell.2017.09.030
Mp4g01560	Mapoly0098s0044	GARP	MpGARP3	MpGARP3	"transcription factor, GARP"	"Bowman, Kohchi, Yamato, et al., Cell 171(2):287-304.e15"	10.1016/j.cell.2017.09.030
Mp4g07330	Mapoly0115s0048	GARP	MpGARP4	MpGARP4	"transcription factor, GARP"	"Bowman, Kohchi, Yamato, et al., Cell 171(2):287-304.e15"	10.1016/j.cell.2017.09.030
Mp7g11330	Mapoly0003s0147	GARP	MpGARP5	MpGARP5	"transcription factor, GARP"	Rico et al. 2020 Molecules	doi:10.3390/ijms21218354
Mp4g15170	Mapoly0119s0041	GARP	MpGARP6	MpGARP6	"transcription factor, GARP"	"Bowman, Kohchi, Yamato, et al., Cell 171(2):287-304.e15"	10.1016/j.cell.2017.09.030
Mp4g21220	Mapoly0101s0068	GARP	MpGARP7	MpGARP7	"transcription factor, GARP"	"Bowman, Kohchi, Yamato, et al., Cell 171(2):287-304.e15"	10.1016/j.cell.2017.09.030
Mp7g09740	Mapoly0156s0007	GARP	MpGARP8	MpGARP8	"transcription factor, GARP"	"Bowman, Kohchi, Yamato, et al., Cell 171(2):287-304.e15"	10.1016/j.cell.2017.09.030
Mp1g05310	Mapoly0005s0077	GATA	MpGATA1	MpGATA1	"transcription factor, GATA"	"Bowman, Kohchi, Yamato, et al., Cell 171(2):287-304.e15"	10.1016/j.cell.2017.09.030
Mp1g03950	Mapoly0005s0212	GATA	MpGATA2	MpGATA2	"transcription factor, GATA"	"Honkanen et al., 2016"	doi:10.1016/j.cub.2016.09.062
Mp7g03490	Mapoly0074s0047	GATA	MpGATA4	MpGATA4	"transcription factor, GATA"	"Bowman, Kohchi, Yamato, et al., Cell 171(2):287-304.e15"	10.1016/j.cell.2017.09.030
Mp5g09130	Mapoly0095s0046	GATA	MpGATA5	MpGATA5	"transcription factor, GATA"	"Bowman, Kohchi, Yamato, et al., Cell 171(2):287-304.e15"	10.1016/j.cell.2017.09.030
MpVg00300	MapolyY_B0021	GATA	MpGATA6	MpGATA6	"transcription factor, GATA"	"Bowman, Kohchi, Yamato, et al., Cell 171(2):287-304.e15"	10.1016/j.cell.2017.09.030
MpUg00060	Mapoly0017s0009	GATA	MpGATA6-U	MpGATA6-U	"transcription factor, GATA"		
Mp6g04830	Mapoly0034s0034	MYB	MpGCAM1	MpGCAM1	GCAM1	Yasui et al. Curr. Biol. 29(23):3987-3995 (2019).	10.1016/j.cub.2019.10.004
Mp1g26050	Mapoly0002s0271	GEBP	MpGEBP1	MpGEBP1	"transcription factor, GeBP"	"Bowman, Kohchi, Yamato, et al., Cell 171(2):287-304.e15"	10.1016/j.cell.2017.09.030
Mp5g00180	Mapoly0078s0019	GEBP	MpGEBP2	MpGEBP2	"transcription factor, GeBP"	"Bowman, Kohchi, Yamato, et al., Cell 171(2):287-304.e15"	10.1016/j.cell.2017.09.030
Mp5g00190	Mapoly0078s0020	GEBP	MpGEBP3	MpGEBP3	"transcription factor, GeBP"	"Bowman, Kohchi, Yamato, et al., Cell 171(2):287-304.e15"	10.1016/j.cell.2017.09.030
Mp2g25290	Mapoly0168s0004	GEBP	MpGEBP4	MpGEBP4	"transcription factor, GeBP"	"Bowman, Kohchi, Yamato, et al., Cell 171(2):287-304.e15"	10.1016/j.cell.2017.09.030
Mp6g14670	Mapoly0047s0121	GIF	MpGIF	MpGIF	"transcription factor, GIF"	"Bowman, Kohchi, Yamato, et al., Cell 171(2):287-304.e15"	10.1016/j.cell.2017.09.030
Mp1g20490	Mapoly0001s0385	GRAS	MpGRAS1	MpGRAS1	"transcription factor, GRAS"	"Bowman, Kohchi, Yamato, et al., Cell 171(2):287-304.e15"	10.1016/j.cell.2017.09.030
Mp8g03980	Mapoly1576s0001	GRAS	MpGRAS10	MpGRAS10	"transcription factor, GRAS"	"Bowman, Kohchi, Yamato, et al., Cell 171(2):287-304.e15"	10.1016/j.cell.2017.09.030
Mp8g13140	Mapoly0083s0007	GRAS	MpGRAS11	MpGRAS11	"transcription factor, GRAS"	"Bowman, Kohchi, Yamato, et al., Cell 171(2):287-304.e15"	10.1016/j.cell.2017.09.030
Mp8g15500	Mapoly0079s0062	GRAS	MpGRAS12	MpGRAS12	"transcription factor, GRAS"	"Bowman, Kohchi, Yamato, et al., Cell 171(2):287-304.e15"	10.1016/j.cell.2017.09.030
Mp7g12630	Mapoly0003s0271	GRAS	MpGRAS2	MpGRAS2	"transcription factor, GRAS"	"Bowman, Kohchi, Yamato, et al., Cell 171(2):287-304.e15"	10.1016/j.cell.2017.09.030
Mp1g10440	Mapoly0014s0183	GRAS	MpGRAS3	MpGRAS3	"transcription factor, GRAS"	"Bowman, Kohchi, Yamato, et al., Cell 171(2):287-304.e15"	10.1016/j.cell.2017.09.030
Mp2g03850	Mapoly0031s0041	GRAS	MpGRAS4	MpGRAS4	"transcription factor, GRAS"	"Bowman, Kohchi, Yamato, et al., Cell 171(2):287-304.e15"	10.1016/j.cell.2017.09.030
Mp6g13820	Mapoly0047s0034	GRAS	MpGRAS5	MpGRAS5	"transcription factor, GRAS"	"Bowman, Kohchi, Yamato, et al., Cell 171(2):287-304.e15"	10.1016/j.cell.2017.09.030
Mp8g01770	Mapoly0064s0023	GRAS	MpGRAS7	MpGRAS7	"transcription factor, GRAS"	"Bowman, Kohchi, Yamato, et al., Cell 171(2):287-304.e15"	10.1016/j.cell.2017.09.030
Mp1g22880	Mapoly0065s0089	GRAS	MpGRAS8	MpGRAS8	"transcription factor, GRAS"	"Bowman, Kohchi, Yamato, et al., Cell 171(2):287-304.e15"	10.1016/j.cell.2017.09.030
Mp5g21990	Mapoly0194s0011	GRAS	MpGRAS9	MpGRAS9	"transcription factor, GRAS"	"Bowman, Kohchi, Yamato, et al., Cell 171(2):287-304.e15"	10.1016/j.cell.2017.09.030
Mp8g16900	Mapoly1350s0001	GRF	MpGRF	MpGRF	"transcription factor, GRF"	"Bowman, Kohchi, Yamato, et al., Cell 171(2):287-304.e15"	10.1016/j.cell.2017.09.030
Mp5g13160	Mapoly0032s0010	HD	MpHD10	MpHD10	"transcription factor, HD, homeodomain protein"	"Bowman, Kohchi, Yamato, et al., Cell 171(2):287-304.e15"	10.1016/j.cell.2017.09.030
Mp1g16560	Mapoly0033s0004	HD	MpHD11	MpHD11	"transcription factor, HD, homeodomain protein"	"Bowman, Kohchi, Yamato, et al., Cell 171(2):287-304.e15"	10.1016/j.cell.2017.09.030
Mp8g08190	Mapoly0063s0098	HD	MpHD13	MpHD13	"transcription factor, HD, homeodomain protein"	"Bowman, Kohchi, Yamato, et al., Cell 171(2):287-304.e15"	10.1016/j.cell.2017.09.030
Mp4g02060	Mapoly0080s0093	HD	MpHD15	MpHD15	"transcription factor, HD, homeodomain protein"	"Bowman, Kohchi, Yamato, et al., Cell 171(2):287-304.e15"	10.1016/j.cell.2017.09.030
Mp4g12450	Mapoly0174s0007	HD	MpHD19	MpHD19	"transcription factor, HD, homeodomain protein"	"Bowman, Kohchi, Yamato, et al., Cell 171(2):287-304.e15"	10.1016/j.cell.2017.09.030
Mp3g06860	Mapoly0006s0154	HD	MpHD2	MpHD2	"transcription factor, HD, homeodomain protein"	"Bowman, Kohchi, Yamato, et al., Cell 171(2):287-304.e15"	10.1016/j.cell.2017.09.030
Mp5g01600	Mapoly0175s0020	HD	MpHD20	MpHD20	"transcription factor, HD, homeodomain protein"	"Bowman, Kohchi, Yamato, et al., Cell 171(2):287-304.e15"	10.1016/j.cell.2017.09.030
Mp7g05320	Mapoly0194s0001	HD	MpHD21	MpHD21	"transcription factor, HD, homeodomain protein"	"Bowman, Kohchi, Yamato, et al., Cell 171(2):287-304.e15"	10.1016/j.cell.2017.09.030
Mp1g11660	Mapoly0014s0060	HD	MpHD6	MpHD6	"transcription factor, HD, homeodomain protein"	"Bowman, Kohchi, Yamato, et al., Cell 171(2):287-304.e15"	10.1016/j.cell.2017.09.030
Mp2g11140	Mapoly0023s0081	HD	MpHD7	MpHD7	"transcription factor, HD, homeodomain protein"	"Bowman, Kohchi, Yamato, et al., Cell 171(2):287-304.e15"	10.1016/j.cell.2017.09.030
Mp1g01010	Mapoly0029s0145	HD	MpHD9	MpHD9	"transcription factor, HD, homeodomain protein"	"Bowman, Kohchi, Yamato, et al., Cell 171(2):287-304.e15"	10.1016/j.cell.2017.09.030
Mp8g07450	Mapoly0013s0048	HMG-box	MpHMGBOX1	MpHMGBOX1	"transcription factor, HMG-box"	"Bowman, Kohchi, Yamato, et al., Cell 171(2):287-304.e15"	10.1016/j.cell.2017.09.030
Mp2g12330	Mapoly0026s0138	HMG-box	MpHMGBOX2	MpHMGBOX2	"transcription factor, HMG-box"	"Bowman, Kohchi, Yamato, et al., Cell 171(2):287-304.e15"	10.1016/j.cell.2017.09.030
Mp8g16760	Mapoly0030s0009	HMG-box	MpHMGBOX3	MpHMGBOX3	"transcription factor, HMG-box"	"Bowman, Kohchi, Yamato, et al., Cell 171(2):287-304.e15"	10.1016/j.cell.2017.09.030
Mp2g04030	Mapoly0031s0059	HMG-box	MpHMGBOX4	MpHMGBOX4	"transcription factor, HMG-box"	"Bowman, Kohchi, Yamato, et al., Cell 171(2):287-304.e15"	10.1016/j.cell.2017.09.030
Mp7g16870	Mapoly0051s0025	HMG-box	MpHMGBOX5	MpHMGBOX5	"transcription factor, HMG-box"	"Bowman, Kohchi, Yamato, et al., Cell 171(2):287-304.e15"	10.1016/j.cell.2017.09.030
Mp4g13880	Mapoly0070s0093	HRT-like	MpHRT-like	MpHRT-like	"transcription factor, HRT-like"	"PlantTFDB. Jin et al., 2017 Jan 4;45(D1):D1040-D1045"	doi:10.1093/nar/gkw982
Mp4g12230	Mapoly0011s0205	HSF	MpHSF1	MpHSF1	"transcription factor, HSF"	"Bowman, Kohchi, Yamato, et al., Cell 171(2):287-304.e15"	10.1016/j.cell.2017.09.030
MpVg00470	MapolyY_B0005	HSF	MpHSF3	MpHSF3	"transcription factor, HSF"	"Bowman, Kohchi, Yamato, et al., Cell 171(2):287-304.e15"	10.1016/j.cell.2017.09.030
MpUg00290	Mapoly0018s0001	HSF	MpHSF3-U	MpHSF3-U	"transcription factor, HSF"		
Mp8g06180	Mapoly0013s0172	IDD-related	MpIDDL1	MpIDDL1	"transcription factor, IDD-related"	"Bowman, Kohchi, Yamato, et al., Cell 171(2):287-304.e15"	10.1016/j.cell.2017.09.030
Mp1g15660	Mapoly0033s0095	IDD-related	MpIDDL2	MpIDDL2	"transcription factor, IDD-related"	"Bowman, Kohchi, Yamato, et al., Cell 171(2):287-304.e15"	10.1016/j.cell.2017.09.030
Mp5g20530	Mapoly0058s0031	IDD-related	MpIDDL3	MpIDDL3	"transcription factor, IDD-related"	"Bowman, Kohchi, Yamato, et al., Cell 171(2):287-304.e15"	10.1016/j.cell.2017.09.030
Mp7g07550	Mapoly0076s0039	IDD-related	MpIDDL4	MpIDDL4	"transcription factor, IDD-related"	"Bowman, Kohchi, Yamato, et al., Cell 171(2):287-304.e15"	10.1016/j.cell.2017.09.030
Mp8g12510	Mapoly0083s0069	IDD-related	MpIDDL5	MpIDDL5	"transcription factor, IDD-related"	"Bowman, Kohchi, Yamato, et al., Cell 171(2):287-304.e15"	10.1016/j.cell.2017.09.030
Mp1g09500	Mapoly0096s0050	IDD-related	MpIDDL6	MpIDDL6	"transcription factor, IDD-related"	"Bowman, Kohchi, Yamato, et al., Cell 171(2):287-304.e15; Jones and Dolan Development 144(8):1472-1476 (2017)."	10.1016/j.cell.2017.09.030
Mp3g23440	Mapoly0024s0120	C2H2	MpJAGGED	MpJAGGED	"transcription factor, C2H2-ZnF"	"Bowman, Kohchi, Yamato, et al., Cell 171(2):287-304.e15"	10.1016/j.cell.2017.09.030
Mp1g02860	Mapoly0113s0034	LFY	MpLFY	MpLFY	"transcription factor, ortholog of Arabidopsis thaliana LFY"	Bowman et al. Cell. 2017 171(2):287-304	doi:10.1016/j.cell.2017.09.030
Mp1g03270	Mapoly0005s0280	LIM	MpLIM1	MpLIM1	"transcription factor, LIM-domain"	"Bowman, Kohchi, Yamato, et al., Cell 171(2):287-304.e15"	10.1016/j.cell.2017.09.030
Mp8g17020	Mapoly0030s0035	LIM	MpLIM2	MpLIM2	"transcription factor, LIM-domain"	"Bowman, Kohchi, Yamato, et al., Cell 171(2):287-304.e15"	10.1016/j.cell.2017.09.030
Mp4g02460	Mapoly0080s0053	LIM	MpLIM3	MpLIM3	"transcription factor, LIM-domain"	"Bowman, Kohchi, Yamato, et al., Cell 171(2):287-304.e15"	10.1016/j.cell.2017.09.030
Mp1g00510	Mapoly0103s0036	LSD	MpLSD	MpLSD	"transcription factor, LSD"	"PlantTFDB. Jin et al., 2017 Jan 4;45(D1):D1040-D1045"	doi:10.1093/nar/gkw982
Mp4g12490	Mapoly0174s0011	MIKC_MADS	MpMADS1	MpMADS1	"transcription factor, MIKC-type MADS-box protein 1"	in prep.	
Mp4g11760	Mapoly0011s0161	MIKC_MADS	MpMADS2	MpMADS2	"transcription factor, MIKC-type MADS-box protein 2"	in prep.	
Mp1g11830	Mapoly0014s0044	MID	MpMID	MpMID	RWP-RK domain containing protein of the MID clade	"Koi et al. Cur. Biol. 26, 1775-1781 (2016); Rovekamp et al., Curr. Biol. 26, 1782-1789 (2016)"	
Mp2g25840	Mapoly0025s0094	MYB_related	MpMYBL1	MpMYBL1	"transcription factor, MYB-related"	"PlantTFDB. Jin et al., 2017 Jan 4;45(D1):D1040-D1045"	doi:10.1093/nar/gkw982
Mp5g12220	Mapoly0092s0082	MYB_related	MpMYBL2	MpMYBL2	"transcription factor, MYB-related"	"PlantTFDB. Jin et al., 2017 Jan 4;45(D1):D1040-D1045"	doi:10.1093/nar/gkw982
Mp7g06280	Mapoly0057s0043	MYB_related	MpMYBL3	MpMYBL3	"transcription factor, MYB-related"	"PlantTFDB. Jin et al., 2017 Jan 4;45(D1):D1040-D1045"	doi:10.1093/nar/gkw982
Mp7g18640	Mapoly0165s0024	MYB_related	MpMYBL4	MpMYBL4	"transcription factor, MYB-related"	"PlantTFDB. Jin et al., 2017 Jan 4;45(D1):D1040-D1045"	doi:10.1093/nar/gkw982
MpUg00430	"Mapoly0018s0018,Mapoly0018s0019"	bHLH	MpMYCX	MpMYCX	"transcription factor, bHLH"	"Penuelas et al. 2019, Plant Cell"	doi:10.1105/tpc.18.00974
Mp8g04010	Mapoly0012s0190	myosin	MpMYOSIN_XI-2	MpMYOSIN_XI-2	myosin	"Duan et al., 2020, the plant journal; Honkanen et al., 2016 Curr Biol"	doi:10.1111/tpj.14937; doi:10.1016/j.cub.2016.09.062
Mp2g07720	Mapoly0015s0058	NAC	MpNAC1	MpNAC1	"transcription factor, NAC"	"Bowman, Kohchi, Yamato, et al., Cell 171(2):287-304.e15"	10.1016/j.cell.2017.09.030
Mp4g14520	Mapoly0070s0029	NAC	MpNAC10	MpNAC10	"transcription factor, NAC"	"PlantTFDB. Jin et al., 2017 Jan 4;45(D1):D1040-D1045"	doi:10.1093/nar/gkw982
Mp4g11910	Mapoly0011s0176	NAC	MpNAC3	MpNAC3	"transcription factor, NAC"	"Bowman, Kohchi, Yamato, et al., Cell 171(2):287-304.e15"	10.1016/j.cell.2017.09.030
Mp4g22890	Mapoly0020s0051	NAC	MpNAC4	MpNAC4	"transcription factor, NAC"	"Bowman, Kohchi, Yamato, et al., Cell 171(2):287-304.e15"	10.1016/j.cell.2017.09.030
Mp6g20920	Mapoly0091s0063	NAC	MpNAC5	MpNAC5	"transcription factor, NAC"	"Bowman, Kohchi, Yamato, et al., Cell 171(2):287-304.e15"	10.1016/j.cell.2017.09.030
Mp5g01530	Mapoly0175s0015	NAC	MpNAC6	MpNAC6	"transcription factor, NAC"	"Bowman, Kohchi, Yamato, et al., Cell 171(2):287-304.e15"	10.1016/j.cell.2017.09.030
Mp6g02620	Mapoly0035s0049	NAC	MpNAC7	MpNAC7	"transcription factor, NAC"	"Bowman, Kohchi, Yamato, et al., Cell 171(2):287-304.e15"	10.1016/j.cell.2017.09.030
Mp6g02670	Mapoly0035s0054	NAC	MpNAC8	MpNAC8	"transcription factor, NAC"	"Bowman, Kohchi, Yamato, et al., Cell 171(2):287-304.e15"	10.1016/j.cell.2017.09.030
Mp5g08410	Mapoly0086s0046	NAC	MpNAC9	MpNAC9	"transcription factor, NAC"	"Bowman, Kohchi, Yamato, et al., Cell 171(2):287-304.e15"	10.1016/j.cell.2017.09.030
Mp2g02890	Mapoly0075s0050	ARF	MpncARF	MpncARF	"transcription factor, ARF"	"Bowman, Kohchi, Yamato, et al., Cell 171(2):287-304.e15"	10.1016/j.cell.2017.09.030
Mp1g08660	Mapoly0036s0109	NF-X1	MpNFX1-1	MpNFX1-1	"transcription factor, NF-X1"	"Bowman, Kohchi, Yamato, et al., Cell 171(2):287-304.e15"	10.1016/j.cell.2017.09.030
Mp8g16170	Mapoly0154s0047	NF-X1	MpNFX1-2	MpNFX1-2	"transcription factor, NF-X1"	"Bowman, Kohchi, Yamato, et al., Cell 171(2):287-304.e15"	10.1016/j.cell.2017.09.030
Mp8g12800	Mapoly0083s0040	Nin-like	MpNIN	MpNIN	RWP-RK domain containing protein of the NIN-like protein clade	"Koi et al. Cur. Biol. 26, 1775-1781 (2016); Rovekamp et al., Curr. Biol. 26, 1782-1789 (2016)"	doi:10.1016/j.cub.2016.05.013; doi:10.1016/j.cub.2016.05.028
Mp3g06190	Mapoly0006s0089	PLATZ	MpPLATZ1	MpPLATZ1	"transcription factor, PLATZ"		
Mp1g07250	Mapoly0043s0118	PLATZ	MpPLATZ2	MpPLATZ2	"transcription factor, PLATZ"		
Mp4g17170	Mapoly0148s0001	PPP1	MpPPP1	MpPPP1	"transcription factor, PPP1"	"Bowman, Kohchi, Yamato, et al., Cell 171(2):287-304.e15"	10.1016/j.cell.2017.09.030
Mp1g17210	Mapoly0001s0061	R2R3-MYB	MpR2R3-MYB1	MpR2R3-MYB1	"transcription factor, MYB"	"Bowman, Kohchi, Yamato, et al., Cell 171(2):287-304.e15"	10.1016/j.cell.2017.09.030
Mp2g22110	Mapoly0040s0004	R2R3-MYB	MpR2R3-MYB11	MpR2R3-MYB11	"transcription factor, MYB"	"Bowman, Kohchi, Yamato, et al., Cell 171(2):287-304.e15"	10.1016/j.cell.2017.09.030
Mp6g16170	Mapoly0056s0127	R2R3-MYB	MpR2R3-MYB12	MpR2R3-MYB12	"transcription factor, MYB"	"Bowman, Kohchi, Yamato, et al., Cell 171(2):287-304.e15"	10.1016/j.cell.2017.09.030
Mp2g22560	Mapoly0072s0075	R2R3-MYB	MpR2R3-MYB13	MpR2R3-MYB13	"transcription factor, MYB"	"Bowman, Kohchi, Yamato, et al., Cell 171(2):287-304.e15"	10.1016/j.cell.2017.09.030
Mp5g19050	Mapoly0073s0038	R2R3-MYB	MpR2R3-MYB14	MpR2R3-MYB14	"transcription factor, MYB"	"Bowman, Kohchi, Yamato, et al., Cell 171(2):287-304.e15"	10.1016/j.cell.2017.09.030
Mp3g09350	Mapoly0085s0092	R2R3-MYB	MpR2R3-MYB15	MpR2R3-MYB15	"transcription factor, MYB"	"Bowman, Kohchi, Yamato, et al., Cell 171(2):287-304.e15"	10.1016/j.cell.2017.09.030
Mp5g13030	Mapoly0092s0005	R2R3-MYB	MpR2R3-MYB16	MpR2R3-MYB16	"transcription factor, MYB"	"Bowman, Kohchi, Yamato, et al., Cell 171(2):287-304.e15"	10.1016/j.cell.2017.09.030
Mp1g09420	Mapoly0096s0058	R2R3-MYB	MpR2R3-MYB17	MpR2R3-MYB17	"transcription factor, MYB"	"Bowman, Kohchi, Yamato, et al., Cell 171(2):287-304.e15"	10.1016/j.cell.2017.09.030
Mp7g16300	Mapoly0123s0012	R2R3-MYB	MpR2R3-MYB18	MpR2R3-MYB18	"transcription factor, MYB"	"Bowman, Kohchi, Yamato, et al., Cell 171(2):287-304.e15"	10.1016/j.cell.2017.09.030
Mp5g13060	Mapoly0318s0001	R2R3-MYB	MpR2R3-MYB19	MpR2R3-MYB19	"transcription factor, MYB"	"Bowman, Kohchi, Yamato, et al., Cell 171(2):287-304.e15"	10.1016/j.cell.2017.09.030
Mp3g07510	Mapoly0006s0226	R2R3-MYB	MpR2R3-MYB2	MpR2R3-MYB2	"transcription factor, MYB"	"Bowman, Kohchi, Yamato, et al., Cell 171(2):287-304.e15"	10.1016/j.cell.2017.09.030
Mp4g21790	Mapoly0874s0001	R2R3-MYB	MpR2R3-MYB20	MpR2R3-MYB20	"transcription factor, MYB"	"Bowman, Kohchi, Yamato, et al., Cell 171(2):287-304.e15"	10.1016/j.cell.2017.09.030
Mp3g05910	Mapoly1089s0002	R2R3-MYB	MpR2R3-MYB21	MpR2R3-MYB21	"transcription factor, MYB"	"Higo et al., Nat. Commun. 9(1):5283 (2018)."	10.1038/s41467-018-07728-3
Mp3g02770	Mapoly0007s0265	R2R3-MYB	MpR2R3-MYB3	MpR2R3-MYB3	"transcription factor, MYB"	"Bowman, Kohchi, Yamato, et al., Cell 171(2):287-304.e15"	10.1016/j.cell.2017.09.030
Mp3g02830	Mapoly0007s0271	R2R3-MYB	MpR2R3-MYB4	MpR2R3-MYB4	"transcription factor, MYB"	"Bowman, Kohchi, Yamato, et al., Cell 171(2):287-304.e15"	10.1016/j.cell.2017.09.030
Mp8g11870	Mapoly0008s0029	R2R3-MYB	MpR2R3-MYB5	MpR2R3-MYB5	"transcription factor, MYB"	"Bowman, Kohchi, Yamato, et al., Cell 171(2):287-304.e15"	10.1016/j.cell.2017.09.030
Mp2g11330	Mapoly0023s0101	R2R3-MYB	MpR2R3-MYB7	MpR2R3-MYB7	"transcription factor, MYB"	"Higo et al., Nat. Commun. 9(1):5283 (2018)."	10.1038/s41467-018-07728-3
Mp3g23170	Mapoly0024s0094	R2R3-MYB	MpR2R3-MYB8	MpR2R3-MYB8	"transcription factor, MYB"	"Bowman, Kohchi, Yamato, et al., Cell 171(2):287-304.e15"	10.1016/j.cell.2017.09.030
Mp5g14610	Mapoly0032s0153	R2R3-MYB	MpR2R3-MYB9	MpR2R3-MYB9	"transcription factor, MYB"	"Bowman, Kohchi, Yamato, et al., Cell 171(2):287-304.e15"	10.1016/j.cell.2017.09.030
Mp3g07610	Mapoly0006s0237	C2H2	MpREF6	MpREF6	Chromatin related protein	"Bowman, Kohchi, Yamato, et al., Cell 171(2):287-304.e15"	10.1016/j.cell.2017.09.030
Mp3g07310	Mapoly0006s0205	B3	MpREM4	MpREM4	"transcription factor, B3"	"Bowman, Kohchi, Yamato, et al., Cell 171(2):287-304.e15"	10.1016/j.cell.2017.09.030
Mp3g04030	Mapoly0022s0128	RKD	MpRKD	MpRKD	RWP-RK domain (RKD)-containing transcription factor	"Koi et al. Cur. Biol. 26, 1775-1781 (2016); Rvekamp et al., Curr. Biol. 26, 1782-1789 (2"	
Mp1g21450	Mapoly0001s0480	RR-MYB	MpRR-MYB1	MpRR-MYB1	"transcription factor, MYB"	"Bowman, Kohchi, Yamato, et al., Cell 171(2):287-304.e15"	10.1016/j.cell.2017.09.030
Mp2g13020	Mapoly0026s0070	RR-MYB	MpRR-MYB2	MpRR-MYB2	"transcription factor, MYB"	"Bowman, Kohchi, Yamato, et al., Cell 171(2):287-304.e15"	10.1016/j.cell.2017.09.030
Mp2g14450	Mapoly0042s0072	RR-MYB	MpRR-MYB3	MpRR-MYB3	"transcription factor, MYB"	"Bowman, Kohchi, Yamato, et al., Cell 171(2):287-304.e15"	10.1016/j.cell.2017.09.030
Mp4g06490	Mapoly0114s0007	RR-MYB	MpRR-MYB4	MpRR-MYB4	"transcription factor, MYB"	"Bowman, Kohchi, Yamato, et al., Cell 171(2):287-304.e15"	10.1016/j.cell.2017.09.030
Mp5g11830	Mapoly0143s0011	RR-MYB	MpRR-MYB5	MpRR-MYB5	"transcription factor, MYB"	"Bowman, Kohchi, Yamato, et al., Cell 171(2):287-304.e15"	10.1016/j.cell.2017.09.030
Mp2g09320	Mapoly0158s0003	RR-MYB	MpRR-MYB6	MpRR-MYB6	"transcription factor, MYB"	"Bowman, Kohchi, Yamato, et al., Cell 171(2):287-304.e15"	10.1016/j.cell.2017.09.030
Mp4g20600	Mapoly0101s0006	GARP	MpRRB	MpRRB	"cytokinin response regulator, type-B; transcription factor, GARP"	"Flores-Sandoval et al., Plant Cell Physiol. 57, 281-290 (2016)"	doi:10.1093/pcp/pcv068
Mp3g19160	Mapoly0049s0118	RKD	MpRWP1	MpRWP1	RWP-RK domain containing protein	"Koi et al. Cur. Biol. 26, 1775-1781 (2016); Rvekamp et al., Curr. Biol. 26, 1782-1789 (2"	
Mp5g09660	Mapoly0048s0104	S1Fa-like	MpS1Fa-like	MpS1Fa-like	"transcription factor, S1Fa-like"	"PlantTFDB. Jin et al., 2017 Jan 4;45(D1):D1040-D1045"	doi:10.1093/nar/gkw982
Mp3g19510	Mapoly0049s0083	SHI	MpSHI	MpSHI	Auxin related protein	"Bowman, Kohchi, Yamato, et al., Cell 171(2):287-304.e15"	10.1016/j.cell.2017.09.030
Mp5g13130	Mapoly0032s0007	C2H2	MpSOK	MpSOK	MpSOSEKI protein	van Dop et al. Cell 80(3):427-439 (2020).	10.1016/j.cell.2020.01.011
Mp1g10020	Mapoly0014s0224	SBP	MpSPL1	MpSPL1	"SQUAMOSA PROMOTER BINDING-LIKE, transcription factor"	Bowman et al. Cell. 2017 171(2):287-304	doi:10.1016/j.cell.2017.09.030
Mp1g10030	Mapoly0014s0223	SBP	MpSPL2	MpSPL2	"SQUAMOSA PROMOTER BINDING-LIKE, transcription factor"	Tsuzuki et al. Curr. Biol. 29(19):3307-3314 (2019).	10.1016/j.cub.2019.07.084
Mp1g13640	Mapoly0019s0134	SBP	MpSPL3	MpSPL3	"transcription factor, SPL"	Bowman et al. Cell. 2017 171(2):287-304	doi:10.1016/j.cell.2017.09.030
Mp8g11850	Mapoly0008s0031	SBP	MpSPL4	MpSPL4	"transcription factor, SPL"	Bowman et al. Cell. 2017 171(2):287-304	doi:10.1016/j.cell.2017.09.030
Mp4g11860	Mapoly0011s0171	STAT	MpSTAT	MpSTAT	"transcription factor, STAT"	"PlantTFDB. Jin et al., 2017 Jan 4;45(D1):D1040-D1045"	doi:10.1093/nar/gkw982
Mp1g25140	Mapoly0061s0011	C2H2	MpSUP	MpSUP	transcription factor	"Bowman, Kohchi, Yamato, et al., Cell 171(2):287-304.e15"	10.1016/j.cell.2017.09.030
Mp7g09490	Mapoly0068s0102	TCP	MpTCP1	MpTCP1	bHLH transcription factor	in prep.	
Mp1g19590	Mapoly0001s0298	TCP	MpTCP2	MpTCP2	bHLH transcription factor	in prep.	
Mp1g16790	Mapoly0001s0020	Trihelix	MpTRIHELIX1	MpTRIHELIX1	"transcription factor, Trihelix"	"Bowman, Kohchi, Yamato, et al., Cell 171(2):287-304.e15"	10.1016/j.cell.2017.09.030
Mp8g06550	Mapoly0013s0135	Trihelix	MpTRIHELIX10	MpTRIHELIX10	"transcription factor, Trihelix"	"Bowman, Kohchi, Yamato, et al., Cell 171(2):287-304.e15"	10.1016/j.cell.2017.09.030
Mp2g08360	Mapoly0015s0121	Trihelix	MpTRIHELIX11	MpTRIHELIX11	"transcription factor, Trihelix"	"Bowman, Kohchi, Yamato, et al., Cell 171(2):287-304.e15"	10.1016/j.cell.2017.09.030
Mp2g25660	Mapoly0025s0112	Trihelix	MpTRIHELIX12	MpTRIHELIX12	"transcription factor, Trihelix"	"Bowman, Kohchi, Yamato, et al., Cell 171(2):287-304.e15"	10.1016/j.cell.2017.09.030
Mp5g14070	Mapoly0032s0097	Trihelix	MpTRIHELIX13	MpTRIHELIX13	"transcription factor, Trihelix"	"Bowman, Kohchi, Yamato, et al., Cell 171(2):287-304.e15"	10.1016/j.cell.2017.09.030
Mp3g10970	Mapoly0037s0099	Trihelix	MpTRIHELIX14	MpTRIHELIX14	"transcription factor, Trihelix"	"Bowman, Kohchi, Yamato, et al., Cell 171(2):287-304.e15"	10.1016/j.cell.2017.09.030
Mp3g10830	Mapoly0037s0113	Trihelix	MpTRIHELIX15	MpTRIHELIX15	"transcription factor, Trihelix"	"Bowman, Kohchi, Yamato, et al., Cell 171(2):287-304.e15"	10.1016/j.cell.2017.09.030
Mp3g10500	Mapoly0037s0146	Trihelix	MpTRIHELIX16	MpTRIHELIX16	"transcription factor, Trihelix"	"Bowman, Kohchi, Yamato, et al., Cell 171(2):287-304.e15"	10.1016/j.cell.2017.09.030
Mp4g18230	Mapoly0041s0104	Trihelix	MpTRIHELIX17	MpTRIHELIX17	"transcription factor, Trihelix"	"Bowman, Kohchi, Yamato, et al., Cell 171(2):287-304.e15"	10.1016/j.cell.2017.09.030
Mp1g06180	Mapoly0043s0010	Trihelix	MpTRIHELIX18	MpTRIHELIX18	"transcription factor, Trihelix"	"Bowman, Kohchi, Yamato, et al., Cell 171(2):287-304.e15"	10.1016/j.cell.2017.09.030
Mp7g16910	Mapoly0051s0029	Trihelix	MpTRIHELIX19	MpTRIHELIX19	"transcription factor, Trihelix"	"Bowman, Kohchi, Yamato, et al., Cell 171(2):287-304.e15"	10.1016/j.cell.2017.09.030
Mp1g19730	Mapoly0001s0312	Trihelix	MpTRIHELIX2	MpTRIHELIX2	"transcription factor, Trihelix"	"Bowman, Kohchi, Yamato, et al., Cell 171(2):287-304.e15"	10.1016/j.cell.2017.09.030
Mp6g15470	Mapoly0056s0059	Trihelix	MpTRIHELIX20	MpTRIHELIX20	"transcription factor, Trihelix"	"Bowman, Kohchi, Yamato, et al., Cell 171(2):287-304.e15"	10.1016/j.cell.2017.09.030
Mp7g06290	Mapoly0057s0042	Trihelix	MpTRIHELIX21	MpTRIHELIX21	"transcription factor, Trihelix"	"Bowman, Kohchi, Yamato, et al., Cell 171(2):287-304.e15"	10.1016/j.cell.2017.09.030
Mp1g23310	Mapoly0065s0047	Trihelix	MpTRIHELIX22	MpTRIHELIX22	"transcription factor, Trihelix"	"Bowman, Kohchi, Yamato, et al., Cell 171(2):287-304.e15"	10.1016/j.cell.2017.09.030
Mp5g08810	Mapoly0086s0081	Trihelix	MpTRIHELIX23	MpTRIHELIX23	"transcription factor, Trihelix"	"Bowman, Kohchi, Yamato, et al., Cell 171(2):287-304.e15"	10.1016/j.cell.2017.09.030
Mp1g29240	Mapoly0107s0039	Trihelix	MpTRIHELIX24	MpTRIHELIX24	"transcription factor, Trihelix"	"Bowman, Kohchi, Yamato, et al., Cell 171(2):287-304.e15"	10.1016/j.cell.2017.09.030
Mp1g03040	Mapoly0113s0052	Trihelix	MpTRIHELIX25	MpTRIHELIX25	"transcription factor, Trihelix"	"Bowman, Kohchi, Yamato, et al., Cell 171(2):287-304.e15"	10.1016/j.cell.2017.09.030
Mp1g03100	Mapoly0113s0058	Trihelix	MpTRIHELIX26	MpTRIHELIX26	"transcription factor, Trihelix"	"Bowman, Kohchi, Yamato, et al., Cell 171(2):287-304.e15"	10.1016/j.cell.2017.09.030
Mp4g15240	Mapoly0119s0048	Trihelix	MpTRIHELIX27	MpTRIHELIX27	"transcription factor, Trihelix"	"Bowman, Kohchi, Yamato, et al., Cell 171(2):287-304.e15"	10.1016/j.cell.2017.09.030
Mp2g16340	Mapoly0122s0030	Trihelix	MpTRIHELIX28	MpTRIHELIX28	"transcription factor, Trihelix"	"Bowman, Kohchi, Yamato, et al., Cell 171(2):287-304.e15"	10.1016/j.cell.2017.09.030
Mp2g02150	Mapoly0130s0023	Trihelix	MpTRIHELIX29	MpTRIHELIX29	"transcription factor, Trihelix"	"Bowman, Kohchi, Yamato, et al., Cell 171(2):287-304.e15"	10.1016/j.cell.2017.09.030
Mp1g28480	Mapoly0002s0032	Trihelix	MpTRIHELIX3	MpTRIHELIX3	"transcription factor, Trihelix"	"Bowman, Kohchi, Yamato, et al., Cell 171(2):287-304.e15"	10.1016/j.cell.2017.09.030
Mp2g02280	Mapoly0130s0035	Trihelix	MpTRIHELIX30	MpTRIHELIX30	"transcription factor, Trihelix"	"Bowman, Kohchi, Yamato, et al., Cell 171(2):287-304.e15"	10.1016/j.cell.2017.09.030
Mp4g09730	Mapoly0132s0016	Trihelix	MpTRIHELIX31	MpTRIHELIX31	"transcription factor, Trihelix"	"Bowman, Kohchi, Yamato, et al., Cell 171(2):287-304.e15"	10.1016/j.cell.2017.09.030
Mp3g18590	Mapoly0142s0034	Trihelix	MpTRIHELIX32	MpTRIHELIX32	"transcription factor, Trihelix"	"Bowman, Kohchi, Yamato, et al., Cell 171(2):287-304.e15"	10.1016/j.cell.2017.09.030
Mp8g08100	Mapoly0155s0008	Trihelix	MpTRIHELIX33	MpTRIHELIX33	"transcription factor, Trihelix"	"Bowman, Kohchi, Yamato, et al., Cell 171(2):287-304.e15"	10.1016/j.cell.2017.09.030
Mp3g20870	Mapoly0159s0017	Trihelix	MpTRIHELIX34	MpTRIHELIX34	"transcription factor, Trihelix"	"Bowman, Kohchi, Yamato, et al., Cell 171(2):287-304.e15"	10.1016/j.cell.2017.09.030
Mp3g20980	Mapoly0159s0028	Trihelix	MpTRIHELIX35	MpTRIHELIX35	"transcription factor, Trihelix"	"Bowman, Kohchi, Yamato, et al., Cell 171(2):287-304.e15"	10.1016/j.cell.2017.09.030
Mp3g24320	Mapoly0178s0023	Trihelix	MpTRIHELIX36	MpTRIHELIX36	"transcription factor, Trihelix"	"Bowman, Kohchi, Yamato, et al., Cell 171(2):287-304.e15"	10.1016/j.cell.2017.09.030
Mp6g17420	Mapoly0184s0008	Trihelix	MpTRIHELIX37	MpTRIHELIX37	"transcription factor, Trihelix"	"Bowman, Kohchi, Yamato, et al., Cell 171(2):287-304.e15"	10.1016/j.cell.2017.09.030
Mp5g14820	Mapoly0229s0008	Trihelix	MpTRIHELIX38	MpTRIHELIX38	"transcription factor, Trihelix"	"Bowman, Kohchi, Yamato, et al., Cell 171(2):287-304.e15"	10.1016/j.cell.2017.09.030
Mp7g12160	Mapoly0003s0229	Trihelix	MpTrihelix39	MpTrihelix39	"transcription factor, Trihelix"	"Bowman, Kohchi, Yamato, et al., Cell 171(2):287-304.e15"	10.1016/j.cell.2017.09.030
Mp1g27060	Mapoly0002s0172	Trihelix	MpTRIHELIX4	MpTRIHELIX4	"transcription factor, Trihelix"	"Bowman, Kohchi, Yamato, et al., Cell 171(2):287-304.e15"	10.1016/j.cell.2017.09.030
Mp1g28490	Mapoly0002s0031	Trihelix	MpTRIHELIX41	MpTRIHELIX41	"transcription factor, Trihelix"	"PlantTFDB. Jin et al., 2017 Jan 4;45(D1):D1040-D1045"	doi:10.1093/nar/gkw982
Mp1g26740	Mapoly0002s0204	Trihelix	MpTRIHELIX5	MpTRIHELIX5	"transcription factor, Trihelix"	"Bowman, Kohchi, Yamato, et al., Cell 171(2):287-304.e15"	10.1016/j.cell.2017.09.030
Mp7g11500	Mapoly0003s0164	Trihelix	MpTRIHELIX6	MpTRIHELIX6	"transcription factor, Trihelix"	"Bowman, Kohchi, Yamato, et al., Cell 171(2):287-304.e15"	10.1016/j.cell.2017.09.030
Mp7g12800	Mapoly0003s0288	Trihelix	MpTRIHELIX7	MpTRIHELIX7	"transcription factor, Trihelix"	"Bowman, Kohchi, Yamato, et al., Cell 171(2):287-304.e15"	10.1016/j.cell.2017.09.030
Mp4g10240	Mapoly0011s0011	Trihelix	MpTRIHELIX8	MpTRIHELIX8	"transcription factor, Trihelix"	"Bowman, Kohchi, Yamato, et al., Cell 171(2):287-304.e15"	10.1016/j.cell.2017.09.030
Mp4g10710	Mapoly0011s0057	Trihelix	MpTRIHELIX9	MpTRIHELIX9	"transcription factor, Trihelix"	"Bowman, Kohchi, Yamato, et al., Cell 171(2):287-304.e15"	10.1016/j.cell.2017.09.030
Mp6g00540	Mapoly0104s0012	TZF	MpTZF	MpTZF	"transcription factor, TZF"	"Bowman, Kohchi, Yamato, et al., Cell 171(2):287-304.e15"	10.1016/j.cell.2017.09.030
Mp3g01640	Mapoly0007s0156	Whirly	MpWHIRLY	MpWHIRLY	"transcription factor, Whirly"	"PlantTFDB. Jin et al., 2017 Jan 4;45(D1):D1040-D1045"	doi:10.1093/nar/gkw982
Mp3g00010	Mapoly0007s0001	WRKY	MpWRKY1	MpWRKY1	"transcription factor, WRKY"	"Bowman, Kohchi, Yamato, et al., Cell 171(2):287-304.e15"	10.1016/j.cell.2017.09.030
Mp7g06550	Mapoly0057s0012	WRKY	MpWRKY10	MpWRKY10	"transcription factor, WRKY"	"Bowman, Kohchi, Yamato, et al., Cell 171(2):287-304.e15"	10.1016/j.cell.2017.09.030
Mp1g24950	Mapoly0061s0030	WRKY	MpWRKY11	MpWRKY11	"transcription factor, WRKY"	"Bowman, Kohchi, Yamato, et al., Cell 171(2):287-304.e15"	10.1016/j.cell.2017.09.030
Mp4g00200	Mapoly0162s0001	WRKY	MpWRKY12	MpWRKY12	"transcription factor, WRKY"	"Bowman, Kohchi, Yamato, et al., Cell 171(2):287-304.e15"	10.1016/j.cell.2017.09.030
Mp4g00180	Mapoly0162s0003	WRKY	MpWRKY13	MpWRKY13	"transcription factor, WRKY"	"Bowman, Kohchi, Yamato, et al., Cell 171(2):287-304.e15"	10.1016/j.cell.2017.09.030
Mp6g16800	Mapoly0467s0001	WRKY	MpWRKY14	MpWRKY14	"transcription factor, WRKY"	"Bowman, Kohchi, Yamato, et al., Cell 171(2):287-304.e15"	10.1016/j.cell.2017.09.030
Mp8g10640	Mapoly0008s0159	WRKY	MpWRKY2	MpWRKY2	"transcription factor, WRKY"	"Bowman, Kohchi, Yamato, et al., Cell 171(2):287-304.e15"	10.1016/j.cell.2017.09.030
Mp5g05560	Mapoly0027s0069	WRKY	MpWRKY3	MpWRKY3	"transcription factor, WRKY"	"Bowman, Kohchi, Yamato, et al., Cell 171(2):287-304.e15"	10.1016/j.cell.2017.09.030
Mp2g05160	Mapoly0031s0170	WRKY	MpWRKY4	MpWRKY4	"transcription factor, WRKY"	"Bowman, Kohchi, Yamato, et al., Cell 171(2):287-304.e15"	10.1016/j.cell.2017.09.030
Mp1g08890	Mapoly0036s0129	WRKY	MpWRKY5	MpWRKY5	"transcription factor, WRKY"	"Bowman, Kohchi, Yamato, et al., Cell 171(2):287-304.e15"	10.1016/j.cell.2017.09.030
Mp1g08960	Mapoly0036s0136	WRKY	MpWRKY6	MpWRKY6	"transcription factor, WRKY"	"Bowman, Kohchi, Yamato, et al., Cell 171(2):287-304.e15"	10.1016/j.cell.2017.09.030
Mp3g17660	Mapoly0039s0030	WRKY	MpWRKY7	MpWRKY7	"transcription factor, WRKY"	"Bowman, Kohchi, Yamato, et al., Cell 171(2):287-304.e15"	10.1016/j.cell.2017.09.030
Mp2g20960	Mapoly0040s0116	WRKY	MpWRKY8	MpWRKY8	"transcription factor, WRKY"	"Bowman, Kohchi, Yamato, et al., Cell 171(2):287-304.e15"	10.1016/j.cell.2017.09.030
Mp7g17200	Mapoly0051s0057	WRKY	MpWRKY9	MpWRKY9	"transcription factor, WRKY"	"Bowman, Kohchi, Yamato, et al., Cell 171(2):287-304.e15"	10.1016/j.cell.2017.09.030
Mp5g10490	Mapoly0048s0023	ZIP	MpZIP2	MpZIP2	"transcription factor, Fe homeostasis protein"	"Lo et al., 2016 New Phytologists"	doi:10.1111/nph.13922
Mp4g19340	Mapoly0169s0010	ZIP	MpZIP3	MpZIP3	"transcription factor, Fe homeostasis protein"	"Lo et al., 2016 New Phytologists"	doi:10.1111/nph.13922
Mp2g22490	Mapoly0072s0082	ZIP	MpZIP4	MpZIP4	"transcription factor, Fe homeostasis protein"	"Lo et al., 2016 New Phytologists"	doi:10.1111/nph.13922
Mp7g02450	Mapoly0088s0041	ZIP	MpZIP5	MpZIP5	"transcription factor, Fe homeostasis protein regulator"	"Lo et al., 2016 New Phytologists"	doi:10.1111/nph.13922