id,Clade,name,ver6.1,ver3.1,Note,Reference
Mp3g13760,CE13,MpCE13.1,Mp3g13760,Mapoly0004s0295,Pectin O-acetylation,"Bowman, Kohchi, Yamato, et al., Cell 171(2):287-304.e15"
Mp3g22160,CE13,MpCE13.2,Mp3g22160,Mapoly0089s0001,Pectin O-acetylation,"Bowman, Kohchi, Yamato, et al., Cell 171(2):287-304.e15"
Mp3g22170,CE13,MpCE13.3,Mp3g22170,Mapoly0272s0001,Pectin O-acetylation,"Bowman, Kohchi, Yamato, et al., Cell 171(2):287-304.e15"
Mp4g03010,CE13,MpCE13.4,Mp4g03010,Mapoly0323s0002,Pectin O-acetylation,"Bowman, Kohchi, Yamato, et al., Cell 171(2):287-304.e15"
Mp5g22840,CE13,MpCE13.5,Mp5g22840,Mapoly0010s0172,Pectin O-acetylation,"Bowman, Kohchi, Yamato, et al., Cell 171(2):287-304.e15"
Mp1g00190,CE8,MpCE8.1,Mp1g00190,Mapoly0103s0067,Pectin methylestrase,"Bowman, Kohchi, Yamato, et al., Cell 171(2):287-304.e15"
Mp1g17560,CE8,MpCE8.2,Mp1g17560,Mapoly0001s0096,Pectin methylestrase,"Bowman, Kohchi, Yamato, et al., Cell 171(2):287-304.e15"
Mp2g01420,CE8,MpCE8.3,Mp2g01420,Mapoly0028s0010,Pectin methylestrase,"Bowman, Kohchi, Yamato, et al., Cell 171(2):287-304.e15"
Mp2g12150,CE8,MpCE8.4,Mp2g12150,Mapoly0023s0179,Pectin methylestrase,"Bowman, Kohchi, Yamato, et al., Cell 171(2):287-304.e15"
Mp2g19430,CE8,MpCE8.5,Mp2g19430,Mapoly0055s0109,Pectin methylestrase,"Bowman, Kohchi, Yamato, et al., Cell 171(2):287-304.e15"
Mp2g22440,CE8,MpCE8.6,Mp2g22440,Mapoly0072s0087,Pectin methylestrase,"Bowman, Kohchi, Yamato, et al., Cell 171(2):287-304.e15"
Mp3g01170,CE8,MpCE8.7|MpPME11,Mp3g01170,Mapoly0007s0111,Pectin methylestrase,"Bowman, Kohchi, Yamato, et al., Cell 171(2):287-304.e15"
Mp3g15910,CE8,MpCE8.8,Mp3g15910,Mapoly0004s0080,Pectin methylestrase,"Bowman, Kohchi, Yamato, et al., Cell 171(2):287-304.e15"
Mp4g01190,CE8,MpCE8.9,Mp4g01190,Mapoly0066s0024,Pectin methylestrase,"Bowman, Kohchi, Yamato, et al., Cell 171(2):287-304.e15"
Mp5g03920,CE8,MpCE8.10,Mp5g03920,Mapoly0141s0002,Pectin methylestrase,"Bowman, Kohchi, Yamato, et al., Cell 171(2):287-304.e15"
Mp5g03930,CE8,MpCE8.11,-,Mapoly0259s0002,Pectin methylestrase,"Bowman, Kohchi, Yamato, et al., Cell 171(2):287-304.e15"
Mp6g15150,CE8,MpCE8.12,Mp6g15150,Mapoly0056s0025,Pectin methylestrase,"Bowman, Kohchi, Yamato, et al., Cell 171(2):287-304.e15"
Mp8g00060,CE8,MpCE8.13,Mp8g00060,Mapoly0077s0062,Pectin methylestrase,"Bowman, Kohchi, Yamato, et al., Cell 171(2):287-304.e15"
Mp8g09330,CE8,MpCE8.14,Mp8g09330,Mapoly0176s0016,Pectin methylestrase,"Bowman, Kohchi, Yamato, et al., Cell 171(2):287-304.e15"
Mp1g14140,Expansin,MpExpansin1,Mp1g14140,Mapoly0019s0184,Expansin,"Bowman, Kohchi, Yamato, et al., Cell 171(2):287-304.e15"
Mp1g22700,Expansin,MpExpansin2,Mp1g22700,Mapoly0118s0017,Expansin,"Bowman, Kohchi, Yamato, et al., Cell 171(2):287-304.e15"
Mp1g22720,Expansin,MpExpansin3,Mp1g22720,Mapoly0897s0001,Expansin,"Bowman, Kohchi, Yamato, et al., Cell 171(2):287-304.e15"
Mp1g22730,Expansin,MpExpansin4,Mp1g22730,Mapoly0118s0015,Expansin,"Bowman, Kohchi, Yamato, et al., Cell 171(2):287-304.e15"
Mp1g22740,Expansin,MpExpansin5,Mp1g22740,Mapoly0118s0014,Expansin,"Bowman, Kohchi, Yamato, et al., Cell 171(2):287-304.e15"
Mp1g24230,Expansin,MpExpansin6,Mp1g24230,Mapoly0061s0098,Expansin,"Bowman, Kohchi, Yamato, et al., Cell 171(2):287-304.e15"
Mp1g24390,Expansin,MpExpansin7,Mp1g24390,Mapoly0061s0082,Expansin,"Bowman, Kohchi, Yamato, et al., Cell 171(2):287-304.e15"
Mp1g26350,Expansin,MpExpansin8,Mp1g26350,Mapoly0002s0243,Expansin,"Bowman, Kohchi, Yamato, et al., Cell 171(2):287-304.e15"
Mp1g26880,Expansin,MpExpansin9,Mp1g26880,Mapoly0002s0190,Expansin,"Bowman, Kohchi, Yamato, et al., Cell 171(2):287-304.e15"
Mp1g28890,Expansin,MpExpansin10,Mp1g28890,Mapoly0107s0006,Expansin,"Bowman, Kohchi, Yamato, et al., Cell 171(2):287-304.e15"
Mp2g18600,Expansin,MpExpansin11,Mp2g18600,Mapoly0137s0021,Expansin,"Bowman, Kohchi, Yamato, et al., Cell 171(2):287-304.e15"
Mp2g18610,Expansin,MpExpansin12,Mp2g18610,Mapoly0137s0020,Expansin,"Bowman, Kohchi, Yamato, et al., Cell 171(2):287-304.e15"
Mp3g03880,Expansin,MpExpansin13,Mp3g03880,Mapoly0022s0143,Expansin,"Bowman, Kohchi, Yamato, et al., Cell 171(2):287-304.e15"
Mp3g03890,Expansin,MpExpansin14,Mp3g03890,Mapoly0022s0142,Expansin,"Bowman, Kohchi, Yamato, et al., Cell 171(2):287-304.e15"
Mp3g03930,Expansin,MpExpansin15,Mp3g03930,Mapoly0022s0139,Expansin,"Bowman, Kohchi, Yamato, et al., Cell 171(2):287-304.e15"
Mp3g03970,Expansin,MpExpansin16,Mp3g03970,Mapoly0022s0134,Expansin,"Bowman, Kohchi, Yamato, et al., Cell 171(2):287-304.e15"
Mp3g06900,Expansin,MpExpansin17,Mp3g06900,Mapoly0006s0158,Expansin,"Bowman, Kohchi, Yamato, et al., Cell 171(2):287-304.e15"
Mp3g08920,Expansin,MpExpansin18,Mp3g08920,Mapoly0105s0025,Expansin,"Bowman, Kohchi, Yamato, et al., Cell 171(2):287-304.e15"
Mp3g09650,Expansin,MpExpansin19,Mp3g09650,Mapoly0085s0061,Expansin,"Bowman, Kohchi, Yamato, et al., Cell 171(2):287-304.e15"
Mp3g09750,Expansin,MpExpansin20,Mp3g09750,Mapoly0085s0053,Expansin,"Bowman, Kohchi, Yamato, et al., Cell 171(2):287-304.e15"
Mp3g09760,Expansin,MpExpansin21,Mp3g09760,Mapoly0085s0052,Expansin,"Bowman, Kohchi, Yamato, et al., Cell 171(2):287-304.e15"
Mp3g09770,Expansin,MpExpansin22,Mp3g09770,Mapoly0085s0051,Expansin,"Bowman, Kohchi, Yamato, et al., Cell 171(2):287-304.e15"
Mp3g10120,Expansin,MpExpansin23,Mp3g10120,Mapoly0085s0015,Expansin,"Bowman, Kohchi, Yamato, et al., Cell 171(2):287-304.e15"
Mp3g10130,Expansin,MpExpansin24,Mp3g10130,Mapoly0085s0014,Expansin,"Bowman, Kohchi, Yamato, et al., Cell 171(2):287-304.e15"
Mp3g10160,Expansin,MpExpansin25,Mp3g10160,Mapoly0085s0011,Expansin,"Bowman, Kohchi, Yamato, et al., Cell 171(2):287-304.e15"
Mp3g12280,Expansin,MpExpansin26,Mp3g12280,Mapoly0050s0033,Expansin,"Bowman, Kohchi, Yamato, et al., Cell 171(2):287-304.e15"
Mp3g12290,Expansin,MpExpansin27,Mp3g12290,Mapoly0050s0034,Expansin,"Bowman, Kohchi, Yamato, et al., Cell 171(2):287-304.e15"
Mp3g12300,Expansin,MpExpansin28,Mp3g12300,Mapoly0050s0035,Expansin,"Bowman, Kohchi, Yamato, et al., Cell 171(2):287-304.e15"
Mp3g22690,Expansin,MpExpansin29,Mp3g22690,Mapoly0024s0046,Expansin,"Bowman, Kohchi, Yamato, et al., Cell 171(2):287-304.e15"
Mp3g24450,Expansin,MpExpansin30,Mp3g24450,Mapoly0178s0009,Expansin,"Bowman, Kohchi, Yamato, et al., Cell 171(2):287-304.e15"
Mp3g24470,Expansin,MpExpansin31,Mp3g24470,Mapoly0178s0007,Expansin,"Bowman, Kohchi, Yamato, et al., Cell 171(2):287-304.e15"
Mp4g06560,Expansin,MpExpansin32,Mp4g06560,Mapoly0125s0001,Expansin,"Bowman, Kohchi, Yamato, et al., Cell 171(2):287-304.e15"
Mp4g22170,Expansin,MpExpansin33,Mp4g22170,Mapoly0090s0012,Expansin,"Bowman, Kohchi, Yamato, et al., Cell 171(2):287-304.e15"
Mp4g22180,Expansin,MpExpansin34,Mp4g22180,Mapoly0090s0011,Expansin,"Bowman, Kohchi, Yamato, et al., Cell 171(2):287-304.e15"
Mp5g01930,Expansin,MpExpansin35,Mp5g01930,Mapoly0161s0011,Expansin,"Bowman, Kohchi, Yamato, et al., Cell 171(2):287-304.e15"
Mp5g20420,Expansin,MpExpansin36,Mp5g20420,Mapoly0058s0020,Expansin,"Bowman, Kohchi, Yamato, et al., Cell 171(2):287-304.e15"
Mp5g20430,Expansin,MpExpansin37,Mp5g20430,Mapoly0058s0021,Expansin,"Bowman, Kohchi, Yamato, et al., Cell 171(2):287-304.e15"
Mp8g18860,Expansin,MpExpansin38,Mp8g18860,Mapoly0131s0018,Expansin,"Bowman, Kohchi, Yamato, et al., Cell 171(2):287-304.e15"
Mp2g13770,GH1,MpGH1.1,Mp2g13770,Mapoly0042s0006,"β-glucosidase, exo-β-1,4-mannosidase","Bowman, Kohchi, Yamato, et al., Cell 171(2):287-304.e15"
Mp2g15680,GH1,MpGH1.2,Mp2g15680,Mapoly0082s0065,"β-glucosidase, exo-β-1,4-mannosidase","Bowman, Kohchi, Yamato, et al., Cell 171(2):287-304.e15"
Mp2g17840,GH1,MpGH1.3,Mp2g17840,Mapoly0094s0053,"β-glucosidase, exo-β-1,4-mannosidase","Bowman, Kohchi, Yamato, et al., Cell 171(2):287-304.e15"
Mp5g05310,GH1,MpGH1.4,Mp5g05310,Mapoly0027s0094,"β-glucosidase, exo-β-1,4-mannosidase","Bowman, Kohchi, Yamato, et al., Cell 171(2):287-304.e15"
Mp5g17440,GH1,MpGH1.5,Mp5g17440,Mapoly0182s0005,"β-glucosidase, exo-β-1,4-mannosidase","Bowman, Kohchi, Yamato, et al., Cell 171(2):287-304.e15"
Mp6g05510,GH10,MpGH10,Mp6g05510,Mapoly0097s0091,Endo-β-xylanase,"Bowman, Kohchi, Yamato, et al., Cell 171(2):287-304.e15"
Mp1g13990,GH16,MpGH16.1,Mp1g13990,Mapoly0019s0169,Xyloglucan endotransglucosylase/hydrolase,"Bowman, Kohchi, Yamato, et al., Cell 171(2):287-304.e15"
Mp1g20870,GH16,MpGH16.2,Mp1g20870,Mapoly0001s0422,Xyloglucan endotransglucosylase/hydrolase,"Bowman, Kohchi, Yamato, et al., Cell 171(2):287-304.e15"
Mp2g02370,GH16,MpGH16.3,Mp2g02370,Mapoly0130s0044,Xyloglucan endotransglucosylase/hydrolase,"Bowman, Kohchi, Yamato, et al., Cell 171(2):287-304.e15"
Mp2g02380,GH16,MpGH16.4,Mp2g02380,Mapoly0130s0045,Xyloglucan endotransglucosylase/hydrolase,"Bowman, Kohchi, Yamato, et al., Cell 171(2):287-304.e15"
Mp2g17770,GH16,MpGH16.5,Mp2g17770,Mapoly0094s0045,Xyloglucan endotransglucosylase/hydrolase,"Bowman, Kohchi, Yamato, et al., Cell 171(2):287-304.e15"
Mp2g17780,GH16,MpGH16.6,Mp2g17780,Mapoly0094s0046,Xyloglucan endotransglucosylase/hydrolase,"Bowman, Kohchi, Yamato, et al., Cell 171(2):287-304.e15"
Mp2g17810,GH16,MpGH16.7,Mp2g17810,Mapoly0094s0049,Xyloglucan endotransglucosylase/hydrolase,"Bowman, Kohchi, Yamato, et al., Cell 171(2):287-304.e15"
Mp2g17820,GH16,MpGH16.8,Mp2g17820,Mapoly0094s0050,Xyloglucan endotransglucosylase/hydrolase,"Bowman, Kohchi, Yamato, et al., Cell 171(2):287-304.e15"
Mp2g18350,GH16,MpGH16.9,Mp2g18350,Mapoly0177s0014,Xyloglucan endotransglucosylase/hydrolase,"Bowman, Kohchi, Yamato, et al., Cell 171(2):287-304.e15"
Mp2g18360,GH16,MpGH16.10,Mp2g18360,Mapoly0177s0015,Xyloglucan endotransglucosylase/hydrolase,"Bowman, Kohchi, Yamato, et al., Cell 171(2):287-304.e15"
Mp2g21490,GH16,MpGH16.11,Mp2g21490,Mapoly0040s0065,Xyloglucan endotransglucosylase/hydrolase,"Bowman, Kohchi, Yamato, et al., Cell 171(2):287-304.e15"
Mp2g21520,GH16,MpGH16.12,Mp2g21520,Mapoly0040s0062,Xyloglucan endotransglucosylase/hydrolase,"Bowman, Kohchi, Yamato, et al., Cell 171(2):287-304.e15"
Mp2g22660,GH16,MpGH16.13,Mp2g22660,Mapoly0072s0065,Xyloglucan endotransglucosylase/hydrolase,"Bowman, Kohchi, Yamato, et al., Cell 171(2):287-304.e15"
Mp2g22860,GH16,MpGH16.14,Mp2g22860,Mapoly0072s0046,Xyloglucan endotransglucosylase/hydrolase,"Bowman, Kohchi, Yamato, et al., Cell 171(2):287-304.e15"
Mp3g10340,GH16,MpGH16.15,Mp3g10340,Mapoly0203s0013,Xyloglucan endotransglucosylase/hydrolase,"Bowman, Kohchi, Yamato, et al., Cell 171(2):287-304.e15"
Mp3g10390,GH16,MpGH16.16,Mp3g10390,Mapoly0203s0008,Xyloglucan endotransglucosylase/hydrolase,"Bowman, Kohchi, Yamato, et al., Cell 171(2):287-304.e15"
Mp3g10400,GH16,MpGH16.17,Mp3g10400,Mapoly0203s0007,Xyloglucan endotransglucosylase/hydrolase,"Bowman, Kohchi, Yamato, et al., Cell 171(2):287-304.e15"
Mp3g10410,GH16,MpGH16.18,Mp3g10410,Mapoly0203s0006,Xyloglucan endotransglucosylase/hydrolase,"Bowman, Kohchi, Yamato, et al., Cell 171(2):287-304.e15"
Mp3g10420,GH16,MpGH16.19,Mp3g10420,Mapoly0203s0005,Xyloglucan endotransglucosylase/hydrolase,"Bowman, Kohchi, Yamato, et al., Cell 171(2):287-304.e15"
Mp3g10430,GH16,MpGH16.20,Mp3g10430,Mapoly0203s0004,Xyloglucan endotransglucosylase/hydrolase,"Bowman, Kohchi, Yamato, et al., Cell 171(2):287-304.e15"
Mp3g10440,GH16,MpGH16.21,Mp3g10440,Mapoly0203s0003,Xyloglucan endotransglucosylase/hydrolase,"Bowman, Kohchi, Yamato, et al., Cell 171(2):287-304.e15"
Mp3g20360,GH16,MpGH16.22,Mp3g20360,Mapoly0149s0002,Xyloglucan endotransglucosylase/hydrolase,"Bowman, Kohchi, Yamato, et al., Cell 171(2):287-304.e15"
Mp3g20370,GH16,MpGH16.23,Mp3g20370,Mapoly0149s0003,Xyloglucan endotransglucosylase/hydrolase,"Bowman, Kohchi, Yamato, et al., Cell 171(2):287-304.e15"
Mp3g20380,GH16,MpGH16.24,Mp3g20380,Mapoly1415s0001,Xyloglucan endotransglucosylase/hydrolase,"Bowman, Kohchi, Yamato, et al., Cell 171(2):287-304.e15"
Mp3g20390,GH16,MpGH16.25,Mp3g20390,Mapoly0149s0004,Xyloglucan endotransglucosylase/hydrolase,"Bowman, Kohchi, Yamato, et al., Cell 171(2):287-304.e15"
Mp3g22120,GH16,MpGH16.26,Mp3g22120,Mapoly0089s0005,Xyloglucan endotransglucosylase/hydrolase,"Bowman, Kohchi, Yamato, et al., Cell 171(2):287-304.e15"
Mp4g00660,GH16,MpGH16.27,Mp4g00660,Mapoly0066s0076,Xyloglucan endotransglucosylase/hydrolase,"Bowman, Kohchi, Yamato, et al., Cell 171(2):287-304.e15"
Mp4g00670,GH16,MpGH16.28,Mp4g00670,Mapoly0066s0075,Xyloglucan endotransglucosylase/hydrolase,"Bowman, Kohchi, Yamato, et al., Cell 171(2):287-304.e15"
Mp4g00680,GH16,MpGH16.29,Mp4g00680,Mapoly0066s0074,Xyloglucan endotransglucosylase/hydrolase,"Bowman, Kohchi, Yamato, et al., Cell 171(2):287-304.e15"
Mp4g00700,GH16,MpGH16.30,Mp4g00700,Mapoly0066s0072,Xyloglucan endotransglucosylase/hydrolase,"Bowman, Kohchi, Yamato, et al., Cell 171(2):287-304.e15"
Mp4g01200,GH16,MpGH16.31,Mp4g01200,Mapoly0066s0023,Xyloglucan endotransglucosylase/hydrolase,"Bowman, Kohchi, Yamato, et al., Cell 171(2):287-304.e15"
Mp4g10000,GH16,MpGH16.32,Mp4g10000,Mapoly0132s0043,Xyloglucan endotransglucosylase/hydrolase,"Bowman, Kohchi, Yamato, et al., Cell 171(2):287-304.e15"
Mp5g08900,GH16,MpGH16.33,Mp5g08900,Mapoly0095s0068,Xyloglucan endotransglucosylase/hydrolase,"Bowman, Kohchi, Yamato, et al., Cell 171(2):287-304.e15"
Mp5g15250,GH16,MpGH16.34,Mp5g15250,Mapoly0071s0085,Xyloglucan endotransglucosylase/hydrolase,"Bowman, Kohchi, Yamato, et al., Cell 171(2):287-304.e15"
Mp5g15260,GH16,MpGH16.35,Mp5g15260,Mapoly0071s0084,Xyloglucan endotransglucosylase/hydrolase,"Bowman, Kohchi, Yamato, et al., Cell 171(2):287-304.e15"
Mp5g15270,GH16,MpGH16.36,Mp5g15270,Mapoly0071s0083,Xyloglucan endotransglucosylase/hydrolase,"Bowman, Kohchi, Yamato, et al., Cell 171(2):287-304.e15"
Mp5g15280,GH16,MpGH16.37,Mp5g15280,Mapoly0071s0082,Xyloglucan endotransglucosylase/hydrolase,"Bowman, Kohchi, Yamato, et al., Cell 171(2):287-304.e15"
Mp5g16860,GH16,MpGH16.38,Mp5g16860,Mapoly0117s0020,Xyloglucan endotransglucosylase/hydrolase,"Bowman, Kohchi, Yamato, et al., Cell 171(2):287-304.e15"
Mp6g11760,GH16,MpGH16.39,Mp6g11760,Mapoly0223s0003,Xyloglucan endotransglucosylase/hydrolase,"Bowman, Kohchi, Yamato, et al., Cell 171(2):287-304.e15"
Mp7g16080,GH16,MpGH16.40,Mp7g16080,Mapoly0111s0012,Xyloglucan endotransglucosylase/hydrolase,"Bowman, Kohchi, Yamato, et al., Cell 171(2):287-304.e15"
Mp8g10370,GH16,MpGH16.41,Mp8g10370,Mapoly0008s0185,Xyloglucan endotransglucosylase/hydrolase,"Bowman, Kohchi, Yamato, et al., Cell 171(2):287-304.e15"
Mp8g18980,GH16,MpGH16.42,Mp8g18980,Mapoly0131s0006,Xyloglucan endotransglucosylase/hydrolase,"Bowman, Kohchi, Yamato, et al., Cell 171(2):287-304.e15"
Mapoly0042s0094,GH17,-,-,Mapoly0042s0094,"β-1,3-glucanase","Bowman, Kohchi, Yamato, et al., Cell 171(2):287-304.e15"
Mp1g11180,GH17,MpGH17.1,Mp1g11180,Mapoly0014s0109,"β-1,3-glucanase","Bowman, Kohchi, Yamato, et al., Cell 171(2):287-304.e15"
Mp1g16260,GH17,MpGH17.2,Mp1g16260,Mapoly0033s0034,"β-1,3-glucanase","Bowman, Kohchi, Yamato, et al., Cell 171(2):287-304.e15"
Mp2g04000,GH17,MpGH17.3,Mp2g04000,Mapoly0031s0056,"β-1,3-glucanase","Bowman, Kohchi, Yamato, et al., Cell 171(2):287-304.e15"
Mp2g08760,GH17,MpGH17.4,Mp2g08760,Mapoly0015s0161,"β-1,3-glucanase","Bowman, Kohchi, Yamato, et al., Cell 171(2):287-304.e15"
Mp2g12210,GH17,MpGH17.5,Mp2g12210,Mapoly0026s0149,"β-1,3-glucanase","Bowman, Kohchi, Yamato, et al., Cell 171(2):287-304.e15"
Mp2g12230,GH17,MpGH17.6,Mp2g12230,Mapoly0026s0147,"β-1,3-glucanase","Bowman, Kohchi, Yamato, et al., Cell 171(2):287-304.e15"
Mp2g12240,GH17,MpGH17.7,Mp2g12240,Mapoly0026s0146,"β-1,3-glucanase","Bowman, Kohchi, Yamato, et al., Cell 171(2):287-304.e15"
Mp2g12260,GH17,MpGH17.8,Mp2g12260,Mapoly0026s0144,"β-1,3-glucanase","Bowman, Kohchi, Yamato, et al., Cell 171(2):287-304.e15"
Mp2g14550,GH17,MpGH17.9,Mp2g14550,Mapoly0042s0077,"β-1,3-glucanase","Bowman, Kohchi, Yamato, et al., Cell 171(2):287-304.e15"
Mp2g14720,GH17,MpGH17.10,Mp2g14720,Mapoly0042s0095,"β-1,3-glucanase","Bowman, Kohchi, Yamato, et al., Cell 171(2):287-304.e15"
Mp2g14740,GH17,MpGH17.11,Mp2g14740,Mapoly0042s0097,"β-1,3-glucanase","Bowman, Kohchi, Yamato, et al., Cell 171(2):287-304.e15"
Mp3g12500,GH17,MpGH17.12,-,Mapoly0050s0050,"β-1,3-glucanase","Bowman, Kohchi, Yamato, et al., Cell 171(2):287-304.e15"
Mp3g20680,GH17,MpGH17.13,Mp3g20680,Mapoly0149s0034,"β-1,3-glucanase","Bowman, Kohchi, Yamato, et al., Cell 171(2):287-304.e15"
Mp4g09090,GH17,MpGH17.14,Mp4g09090,Mapoly0112s0010,"β-1,3-glucanase","Bowman, Kohchi, Yamato, et al., Cell 171(2):287-304.e15"
Mp6g00360,GH17,MpGH17.15,Mp6g00360,Mapoly0104s0030,"β-1,3-glucanase","Bowman, Kohchi, Yamato, et al., Cell 171(2):287-304.e15"
Mp6g09930,GH17,MpGH17.16,Mp6g09930,Mapoly0016s0036,"β-1,3-glucanase","Bowman, Kohchi, Yamato, et al., Cell 171(2):287-304.e15"
Mp6g13240,GH17,MpGH17.17,Mp6g13240,Mapoly0059s0025,"β-1,3-glucanase","Bowman, Kohchi, Yamato, et al., Cell 171(2):287-304.e15"
Mp7g03930,GH17,MpGH17.18,Mp7g03930,Mapoly0074s0006,"β-1,3-glucanase","Bowman, Kohchi, Yamato, et al., Cell 171(2):287-304.e15"
Mp7g03940,GH17,MpGH17.19,Mp7g03940,Mapoly0074s0005,"β-1,3-glucanase","Bowman, Kohchi, Yamato, et al., Cell 171(2):287-304.e15"
Mp7g13070,GH17,MpGH17.20,Mp7g13070,Mapoly1717s0001,"β-1,3-glucanase","Bowman, Kohchi, Yamato, et al., Cell 171(2):287-304.e15"
Mp7g13130,GH17,MpGH17.21,Mp7g13130,Mapoly0208s0003,"β-1,3-glucanase","Bowman, Kohchi, Yamato, et al., Cell 171(2):287-304.e15"
Mp7g13150,GH17,MpGH17.22,Mp7g13150,Mapoly0557s0001,"β-1,3-glucanase","Bowman, Kohchi, Yamato, et al., Cell 171(2):287-304.e15"
Mp7g13160,GH17,MpGH17.23,Mp7g13160,Mapoly0009s0002,"β-1,3-glucanase","Bowman, Kohchi, Yamato, et al., Cell 171(2):287-304.e15"
Mp7g13170,GH17,MpGH17.24,Mp7g13170,Mapoly0009s0003,"β-1,3-glucanase","Bowman, Kohchi, Yamato, et al., Cell 171(2):287-304.e15"
Mp7g13180,GH17,MpGH17.25,Mp7g13180,Mapoly0009s0004,"β-1,3-glucanase","Bowman, Kohchi, Yamato, et al., Cell 171(2):287-304.e15"
Mp7g16830,GH17,MpGH17.26,Mp7g16830,Mapoly0051s0021,"β-1,3-glucanase","Bowman, Kohchi, Yamato, et al., Cell 171(2):287-304.e15"
Mp8g17420,GH17,MpGH17.27,Mp8g17420,Mapoly0030s0076,"β-1,3-glucanase","Bowman, Kohchi, Yamato, et al., Cell 171(2):287-304.e15"
Mp1g22460,GH18,MpGH18.1,Mp1g22460,Mapoly0118s0041,Chitinase,"Bowman, Kohchi, Yamato, et al., Cell 171(2):287-304.e15"
Mp2g01600,GH18,MpGH18.2,Mp2g01600,Mapoly0352s0004,Chitinase,"Bowman, Kohchi, Yamato, et al., Cell 171(2):287-304.e15"
Mp2g03650,GH18,MpGH18.3,Mp2g03650,Mapoly0031s0021,Chitinase,"Bowman, Kohchi, Yamato, et al., Cell 171(2):287-304.e15"
Mp2g08740,GH18,MpGH18.4,Mp2g08740,Mapoly0015s0159,Chitinase,"Bowman, Kohchi, Yamato, et al., Cell 171(2):287-304.e15"
Mp2g11480,GH18,MpGH18.5,Mp2g11480,Mapoly0023s0114,Chitinase,"Bowman, Kohchi, Yamato, et al., Cell 171(2):287-304.e15"
Mp5g12520,GH18,MpGH18.6,Mp5g12520,Mapoly0092s0054,Chitinase,"Bowman, Kohchi, Yamato, et al., Cell 171(2):287-304.e15"
Mp5g16560,GH18,MpGH18.7,Mp5g16560,Mapoly0117s0050,Chitinase,"Bowman, Kohchi, Yamato, et al., Cell 171(2):287-304.e15"
Mp8g05790,GH18,MpGH18.8,Mp8g05790,Mapoly0081s0081,Chitinase,"Bowman, Kohchi, Yamato, et al., Cell 171(2):287-304.e15"
Mpzg00570,GH18,MpGH18.9,Mpzg00570,Mapoly0196s0008,Chitinase,"Bowman, Kohchi, Yamato, et al., Cell 171(2):287-304.e15"
Mp2g21810,GH19,MpGH19.1,Mp2g21810,Mapoly0040s0034,Chitinase,"Bowman, Kohchi, Yamato, et al., Cell 171(2):287-304.e15"
Mp2g24410,GH19,MpGH19.2,Mp2g24410,Mapoly0069s0089,Chitinase,"Bowman, Kohchi, Yamato, et al., Cell 171(2):287-304.e15"
Mp2g24440,GH19,MpGH19.3,Mp2g24440,Mapoly0069s0092,Chitinase,"Bowman, Kohchi, Yamato, et al., Cell 171(2):287-304.e15"
Mp4g01780,GH19,MpGH19.4,Mp4g01780,Mapoly0098s0022,Chitinase,"Bowman, Kohchi, Yamato, et al., Cell 171(2):287-304.e15"
Mp4g04430,GH19,MpGH19.5,Mp4g04430,Mapoly0044s0030,Chitinase,"Bowman, Kohchi, Yamato, et al., Cell 171(2):287-304.e15"
Mp4g20440,GH19,MpGH19.6,Mp4g20440,Mapoly0116s0045,Chitinase,"Bowman, Kohchi, Yamato, et al., Cell 171(2):287-304.e15"
Mp4g20450,GH19,MpGH19.7,Mp4g20450,Mapoly0116s0046,Chitinase,"Bowman, Kohchi, Yamato, et al., Cell 171(2):287-304.e15"
Mp4g20470,GH19,MpGH19.8,Mp4g20470,Mapoly0116s0048,Chitinase,"Bowman, Kohchi, Yamato, et al., Cell 171(2):287-304.e15"
Mp4g23630,GH19,MpGH19.9,Mp4g23630,Mapoly0020s0126,Chitinase,"Bowman, Kohchi, Yamato, et al., Cell 171(2):287-304.e15"
Mp5g02110,GH19,MpGH19.10,Mp5g02110,Mapoly0147s0004,Chitinase,"Bowman, Kohchi, Yamato, et al., Cell 171(2):287-304.e15"
Mp5g02480,GH19,MpGH19.11,Mp5g02480,Mapoly0147s0041,Chitinase,"Bowman, Kohchi, Yamato, et al., Cell 171(2):287-304.e15"
Mp5g02490,GH19,MpGH19.12,Mp5g02490,Mapoly0147s0042,Chitinase,"Bowman, Kohchi, Yamato, et al., Cell 171(2):287-304.e15"
Mp5g02510,GH19,MpGH19.13,Mp5g02510,Mapoly0147s0044,Chitinase,"Bowman, Kohchi, Yamato, et al., Cell 171(2):287-304.e15"
Mp5g21830,GH19,MpGH19.14,Mp5g21830,Mapoly0106s0016,Chitinase,"Bowman, Kohchi, Yamato, et al., Cell 171(2):287-304.e15"
Mp7g04510,GH19,MpGH19.15,Mp7g04510,Mapoly0062s0074,Chitinase,"Bowman, Kohchi, Yamato, et al., Cell 171(2):287-304.e15"
Mapoly0160s0008,GH28,-,-,Mapoly0160s0008,Polygalacturonase,"Bowman, Kohchi, Yamato, et al., Cell 171(2):287-304.e15"
Mp3g10720,GH28,MpGH28.1,Mp3g10720,Mapoly0037s0124,Polygalacturonase,"Bowman, Kohchi, Yamato, et al., Cell 171(2):287-304.e15"
Mp3g21110,GH28,MpGH28.2,Mp3g21110,Mapoly0160s0006,Polygalacturonase,"Bowman, Kohchi, Yamato, et al., Cell 171(2):287-304.e15"
Mp3g21130,GH28,MpGH28.3,Mp3g21130,Mapoly0160s0007,Polygalacturonase,"Bowman, Kohchi, Yamato, et al., Cell 171(2):287-304.e15"
Mp3g21140,GH28,MpGH28.4,Mp3g21140,Mapoly0160s0009,Polygalacturonase,"Bowman, Kohchi, Yamato, et al., Cell 171(2):287-304.e15"
Mp4g05430,GH28,MpGH28.5,Mp4g05430,Mapoly0087s0047,Polygalacturonase,"Bowman, Kohchi, Yamato, et al., Cell 171(2):287-304.e15"
Mp6g15380,GH28,MpGH28.6,Mp6g15380,Mapoly0056s0050,Polygalacturonase,"Bowman, Kohchi, Yamato, et al., Cell 171(2):287-304.e15"
Mp7g13870,GH28,MpGH28.7,Mp7g13870,Mapoly0009s0072,Polygalacturonase,"Bowman, Kohchi, Yamato, et al., Cell 171(2):287-304.e15"
Mp1g11940,GH3,MpGH3.1,Mp1g11940,Mapoly0014s0035,β-xylosidase,"Bowman, Kohchi, Yamato, et al., Cell 171(2):287-304.e15"
Mp2g08000,GH3,-,Mp2g08000,Mapoly0015s0087,β-xylosidase,"Bowman, Kohchi, Yamato, et al., Cell 171(2):287-304.e15"
Mp2g23960,GH3,MpGH3.2,Mp2g23960,Mapoly0069s0044,β-xylosidase,"Bowman, Kohchi, Yamato, et al., Cell 171(2):287-304.e15"
Mp4g13470,GH3,MpGH3.3,Mp4g13470,Mapoly0214s0013,β-xylosidase,"Bowman, Kohchi, Yamato, et al., Cell 171(2):287-304.e15"
Mp4g13480,GH3,MpGH3.4,Mp4g13480,Mapoly0214s0014,β-xylosidase,"Bowman, Kohchi, Yamato, et al., Cell 171(2):287-304.e15"
Mp5g02880,GH3,MpGH3.5,Mp5g02880,Mapoly0124s0035,β-xylosidase,"Bowman, Kohchi, Yamato, et al., Cell 171(2):287-304.e15"
Mp5g15680,GH3,MpGH3.6,Mp5g15680,Mapoly0071s0042,β-xylosidase,"Bowman, Kohchi, Yamato, et al., Cell 171(2):287-304.e15"
Mp5g21580,GH3,MpGH3.7,Mp5g21580,Mapoly0106s0041,β-xylosidase,"Bowman, Kohchi, Yamato, et al., Cell 171(2):287-304.e15"
Mp7g18370,GH3,MpGH3.8,Mp7g18370,Mapoly0102s0003,β-xylosidase,"Bowman, Kohchi, Yamato, et al., Cell 171(2):287-304.e15"
Mp5g02330,GH31,MpGH31.1,Mp5g02330,Mapoly0147s0026,"Xyloglucan α-1,6-xylosidase","Bowman, Kohchi, Yamato, et al., Cell 171(2):287-304.e15"
Mp6g12330,GH31,MpGH31.2,Mp6g12330,Mapoly0135s0001,"Xyloglucan α-1,6-xylosidase","Bowman, Kohchi, Yamato, et al., Cell 171(2):287-304.e15"
Mp6g12360,GH31,MpGH31.3,-,Mapoly0059s0108,"Xyloglucan α-1,6-xylosidase","Bowman, Kohchi, Yamato, et al., Cell 171(2):287-304.e15"
Mp6g12380,GH31,MpGH31.4,Mp6g12380,Mapoly0633s0002,"Xyloglucan α-1,6-xylosidase","Bowman, Kohchi, Yamato, et al., Cell 171(2):287-304.e15"
Mp8g01600,GH31,MpGH31.5,Mp8g01600,Mapoly0064s0040,"Xyloglucan α-1,6-xylosidase","Bowman, Kohchi, Yamato, et al., Cell 171(2):287-304.e15"
Mp8g06680,GH31,MpGH31.6,Mp8g06680,Mapoly0013s0124,"Xyloglucan α-1,6-xylosidase","Bowman, Kohchi, Yamato, et al., Cell 171(2):287-304.e15"
Mp8g10230,GH31,MpGH31.7,Mp8g10230,Mapoly0008s0199,"Xyloglucan α-1,6-xylosidase","Bowman, Kohchi, Yamato, et al., Cell 171(2):287-304.e15"
Mp8g10240,GH31,MpGH31.8,Mp8g10240,Mapoly0008s0198,"Xyloglucan α-1,6-xylosidase","Bowman, Kohchi, Yamato, et al., Cell 171(2):287-304.e15"
Mp1g02660,GH35,MpGH35.1,Mp1g02660,Mapoly0113s0014,"Xyloglucan β-1,2-galactosidase","Bowman, Kohchi, Yamato, et al., Cell 171(2):287-304.e15"
Mp2g15660,GH35,MpGH35.2,Mp2g15660,Mapoly0082s0063,"Xyloglucan β-1,2-galactosidase","Bowman, Kohchi, Yamato, et al., Cell 171(2):287-304.e15"
Mp4g01390,GH35,MpGH35.3,Mp4g01390,Mapoly0066s0004,"Xyloglucan β-1,2-galactosidase","Bowman, Kohchi, Yamato, et al., Cell 171(2):287-304.e15"
Mp5g19950,GH35,MpGH35.4,Mp5g19950,Mapoly0206s0004,"Xyloglucan β-1,2-galactosidase","Bowman, Kohchi, Yamato, et al., Cell 171(2):287-304.e15"
Mp4g13950,GH38,MpGH38.1,Mp4g13950,Mapoly0070s0086,α-mannosidase,"Bowman, Kohchi, Yamato, et al., Cell 171(2):287-304.e15"
Mp6g08660,GH38,MpGH38.2,Mp6g08660,Mapoly0060s0055,α-mannosidase,"Bowman, Kohchi, Yamato, et al., Cell 171(2):287-304.e15"
Mp6g09110,GH38,MpGH38.3,Mp6g09110,Mapoly0060s0008,α-mannosidase,"Bowman, Kohchi, Yamato, et al., Cell 171(2):287-304.e15"
Mp7g17770,GH51,MpGH51.1,Mp7g17770,Mapoly0051s0113,bifunctionalα-L-arabinofuranosidase/β-D-xylosidase,"Bowman, Kohchi, Yamato, et al., Cell 171(2):287-304.e15"
Mp1g20540,GH9,MpGH91,Mp1g20540,Mapoly0001s0390,"β-1,4-glucanase, cellulase","Bowman, Kohchi, Yamato, et al., Cell 171(2):287-304.e15"
Mp1g24780,GH9,MpGH92,Mp1g24780,Mapoly0061s0043,"β-1,4-glucanase, cellulase","Bowman, Kohchi, Yamato, et al., Cell 171(2):287-304.e15"
Mp2g26250,GH9,MpGH93,Mp2g26250,Mapoly0025s0059,"β-1,4-glucanase, cellulase","Bowman, Kohchi, Yamato, et al., Cell 171(2):287-304.e15"
Mp8g00020,GH9,MpGH94,Mp8g00020,Mapoly0077s0066,"β-1,4-glucanase, cellulase","Bowman, Kohchi, Yamato, et al., Cell 171(2):287-304.e15"
Mp8g03630,GH9,MpGH95,Mp8g03630,Mapoly0012s0153,"β-1,4-glucanase, cellulase","Bowman, Kohchi, Yamato, et al., Cell 171(2):287-304.e15"
Mp8g03880,GH9,MpGH96,Mp8g03880,Mapoly0012s0178,"β-1,4-glucanase, cellulase","Bowman, Kohchi, Yamato, et al., Cell 171(2):287-304.e15"
Mp8g17860,GH9,MpGH97,Mp8g17860,Mapoly0030s0120,"β-1,4-glucanase, cellulase","Bowman, Kohchi, Yamato, et al., Cell 171(2):287-304.e15"
Mp1g22770,GT2,MpCSLD3|MpGT2.1,Mp1g22770,Mapoly0065s0098,,"Bowman, Kohchi, Yamato, et al., Cell 171(2):287-304.e15"
Mp2g02440,GT2,MpCSLD1|MpGT2.2,Mp2g02440,Mapoly0075s0004,,"Bowman, Kohchi, Yamato, et al., Cell 171(2):287-304.e15"
Mp2g05640,GT2,MpCSLD4|MpGT2.3,Mp2g05640,Mapoly0021s0020,,"Bowman, Kohchi, Yamato, et al., Cell 171(2):287-304.e15"
Mp2g05660,GT2,MpCSLD2|MpGT2.4,Mp2g05660,Mapoly0021s0022,,"Bowman, Kohchi, Yamato, et al., Cell 171(2):287-304.e15"
Mp2g05670,GT2,MpCSLD5|MpGT2.5,Mp2g05670,Mapoly0021s0023,,"Bowman, Kohchi, Yamato, et al., Cell 171(2):287-304.e15"
Mp2g07690,GT2,MpCSLD6|MpGT2.6,Mp2g07690,Mapoly0015s0055,,"Bowman, Kohchi, Yamato, et al., Cell 171(2):287-304.e15"
Mp5g24530,GT2,MpCSLD7|MpGT2.7,Mp5g24530,Mapoly0010s0005,,"Bowman, Kohchi, Yamato, et al., Cell 171(2):287-304.e15"
Mp5g24550,GT2,MpCSLD8|MpGT2.8,Mp5g24550,Mapoly0010s0003,,"Bowman, Kohchi, Yamato, et al., Cell 171(2):287-304.e15"
Mp7g07800,GT2,MpCSLD9|MpGT2.9,Mp7g07800,Mapoly0076s0014,,"Bowman, Kohchi, Yamato, et al., Cell 171(2):287-304.e15"
Mp8g17530,GT2,MpCSLD10|MpGT2.10,Mp8g17530,Mapoly0030s0087,,"Bowman, Kohchi, Yamato, et al., Cell 171(2):287-304.e15"
Mp1g03590,GT29,MpGT29.1,Mp1g03590,Mapoly0005s0249,Sialyltransferase-like protein,"Bowman, Kohchi, Yamato, et al., Cell 171(2):287-304.e15"
Mp1g19260,GT29,MpGT29.2,Mp1g19260,Mapoly0001s0264,Sialyltransferase-like protein,"Bowman, Kohchi, Yamato, et al., Cell 171(2):287-304.e15"
Mp2g00070,GT29,MpGT29.3,Mp2g00070,Mapoly0028s0144,Sialyltransferase-like protein,"Bowman, Kohchi, Yamato, et al., Cell 171(2):287-304.e15"
Mp5g13750,GT29,MpGT29.4,Mp5g13750,Mapoly0032s0065,Sialyltransferase-like protein,"Bowman, Kohchi, Yamato, et al., Cell 171(2):287-304.e15"
Mp2g00460,GT34,MpGT34.1,Mp2g00460,Mapoly0028s0105,"Xyloglucan α-1,6-xylosyltransferase","Bowman, Kohchi, Yamato, et al., Cell 171(2):287-304.e15"
Mp2g07920,GT34,MpGT34.2,Mp2g07920,Mapoly0015s0078,"Xyloglucan α-1,6-xylosyltransferase","Bowman, Kohchi, Yamato, et al., Cell 171(2):287-304.e15"
Mp2g18730,GT34,MpGT34.3,Mp2g18730,Mapoly0137s0009,"Xyloglucan α-1,6-xylosyltransferase","Bowman, Kohchi, Yamato, et al., Cell 171(2):287-304.e15"
Mp3g03380,GT34,MpGT34.4,Mp3g03380,Mapoly0022s0195,"Xyloglucan α-1,6-xylosyltransferase","Bowman, Kohchi, Yamato, et al., Cell 171(2):287-304.e15"
Mp3g03490,GT34,MpGT34.5,Mp3g03490,Mapoly0022s0183,"Xyloglucan α-1,6-xylosyltransferase","Bowman, Kohchi, Yamato, et al., Cell 171(2):287-304.e15"
Mp3g03520,GT34,MpGT34.6,Mp3g03520,Mapoly0022s0180,"Xyloglucan α-1,6-xylosyltransferase","Bowman, Kohchi, Yamato, et al., Cell 171(2):287-304.e15"
Mp3g11650,GT34,MpGT34.7,Mp3g11650,Mapoly0037s0032,"Xyloglucan α-1,6-xylosyltransferase","Bowman, Kohchi, Yamato, et al., Cell 171(2):287-304.e15"
Mp3g22310,GT34,MpGT34.8,Mp3g22310,Mapoly0024s0009,"Xyloglucan α-1,6-xylosyltransferase","Bowman, Kohchi, Yamato, et al., Cell 171(2):287-304.e15"
Mp3g22350,GT34,MpGT34.9,Mp3g22350,Mapoly0024s0013,"Xyloglucan α-1,6-xylosyltransferase","Bowman, Kohchi, Yamato, et al., Cell 171(2):287-304.e15"
Mp4g09580,GT34,MpGT34.10,Mp4g09580,Mapoly0132s0001,"Xyloglucan α-1,6-xylosyltransferase","Bowman, Kohchi, Yamato, et al., Cell 171(2):287-304.e15"
Mp5g04120,GT34,MpGT34.11,Mp5g04120,Mapoly0141s0019,"Xyloglucan α-1,6-xylosyltransferase","Bowman, Kohchi, Yamato, et al., Cell 171(2):287-304.e15"
Mp8g11830,GT34,MpGT34.12,Mp8g11830,Mapoly0008s0033,"Xyloglucan α-1,6-xylosyltransferase","Bowman, Kohchi, Yamato, et al., Cell 171(2):287-304.e15"
Mapoly0020s0081,GT37,-,-,Mapoly0020s0081,"Xyloglucan α-1,2-fucosyltransferase
AGP α-1,2-fucosyltransferase","Bowman, Kohchi, Yamato, et al., Cell 171(2):287-304.e15"
Mapoly0202s0006,GT37,-,-,Mapoly0202s0006,"Xyloglucan α-1,2-fucosyltransferase
AGP α-1,2-fucosyltransferase","Bowman, Kohchi, Yamato, et al., Cell 171(2):287-304.e15"
Mp1g01370,GT37,MpGT37.1,Mp1g01370,Mapoly0029s0110,"Xyloglucan α-1,2-fucosyltransferase
AGP α-1,2-fucosyltransferase","Bowman, Kohchi, Yamato, et al., Cell 171(2):287-304.e15"
Mp2g06140,GT37,MpGT37.2,Mp2g06140,Mapoly0021s0069,"Xyloglucan α-1,2-fucosyltransferase
AGP α-1,2-fucosyltransferase","Bowman, Kohchi, Yamato, et al., Cell 171(2):287-304.e15"
Mp2g12440,GT37,MpGT37.3,Mp2g12440,Mapoly0026s0127,"Xyloglucan α-1,2-fucosyltransferase
AGP α-1,2-fucosyltransferase","Bowman, Kohchi, Yamato, et al., Cell 171(2):287-304.e15"
Mp2g16920,GT37,MpGT37.4,Mp2g16920,Mapoly0109s0033,"Xyloglucan α-1,2-fucosyltransferase
AGP α-1,2-fucosyltransferase","Bowman, Kohchi, Yamato, et al., Cell 171(2):287-304.e15"
Mp2g18250,GT37,MpGT37.5,Mp2g18250,Mapoly0177s0004,"Xyloglucan α-1,2-fucosyltransferase
AGP α-1,2-fucosyltransferase","Bowman, Kohchi, Yamato, et al., Cell 171(2):287-304.e15"
Mp2g20270,GT37,MpGT37.6,Mp2g20270,Mapoly0055s0022,"Xyloglucan α-1,2-fucosyltransferase
AGP α-1,2-fucosyltransferase","Bowman, Kohchi, Yamato, et al., Cell 171(2):287-304.e15"
Mp2g21110,GT37,MpGT37.7,Mp2g21110,Mapoly0040s0103,"Xyloglucan α-1,2-fucosyltransferase
AGP α-1,2-fucosyltransferase","Bowman, Kohchi, Yamato, et al., Cell 171(2):287-304.e15"
Mp2g22100,GT37,MpGT37.8,Mp2g22100,Mapoly0040s0005,"Xyloglucan α-1,2-fucosyltransferase
AGP α-1,2-fucosyltransferase","Bowman, Kohchi, Yamato, et al., Cell 171(2):287-304.e15"
Mp4g10040,GT37,MpGT37.9,Mp4g10040,Mapoly0132s0047,"Xyloglucan α-1,2-fucosyltransferase
AGP α-1,2-fucosyltransferase","Bowman, Kohchi, Yamato, et al., Cell 171(2):287-304.e15"
Mp6g02870,GT37,MpGT37.10,Mp6g02870,Mapoly0035s0074,"Xyloglucan α-1,2-fucosyltransferase
AGP α-1,2-fucosyltransferase","Bowman, Kohchi, Yamato, et al., Cell 171(2):287-304.e15"
Mp6g10590,GT37,MpGT37.11,Mp6g10590,Mapoly0016s0100,"Xyloglucan α-1,2-fucosyltransferase
AGP α-1,2-fucosyltransferase","Bowman, Kohchi, Yamato, et al., Cell 171(2):287-304.e15"
Mp6g19640,GT37,MpGT37.12,Mp6g19640,Mapoly0045s0099,"Xyloglucan α-1,2-fucosyltransferase
AGP α-1,2-fucosyltransferase","Bowman, Kohchi, Yamato, et al., Cell 171(2):287-304.e15"
Mp7g06430,GT37,MpGT37.13,Mp7g06430,Mapoly0057s0027,"Xyloglucan α-1,2-fucosyltransferase
AGP α-1,2-fucosyltransferase","Bowman, Kohchi, Yamato, et al., Cell 171(2):287-304.e15"
Mp7g07390,GT37,MpGT37.14,Mp7g07390,Mapoly0076s0055,"Xyloglucan α-1,2-fucosyltransferase
AGP α-1,2-fucosyltransferase","Bowman, Kohchi, Yamato, et al., Cell 171(2):287-304.e15"
Mp7g07400,GT37,MpGT37.15,Mp7g07400,Mapoly0076s0054,"Xyloglucan α-1,2-fucosyltransferase
AGP α-1,2-fucosyltransferase","Bowman, Kohchi, Yamato, et al., Cell 171(2):287-304.e15"
Mp7g11200,GT37,MpGT37.16,Mp7g11200,Mapoly0003s0134,"Xyloglucan α-1,2-fucosyltransferase
AGP α-1,2-fucosyltransferase","Bowman, Kohchi, Yamato, et al., Cell 171(2):287-304.e15"
Mp7g18170,GT37,MpGT37.17,Mp7g18170,Mapoly0102s0023,"Xyloglucan α-1,2-fucosyltransferase
AGP α-1,2-fucosyltransferase","Bowman, Kohchi, Yamato, et al., Cell 171(2):287-304.e15"
Mp8g06690,GT37,MpGT37.18,Mp8g06690,Mapoly0013s0123,"Xyloglucan α-1,2-fucosyltransferase
AGP α-1,2-fucosyltransferase","Bowman, Kohchi, Yamato, et al., Cell 171(2):287-304.e15"
Mp1g02600,GT43,MpGT43.1,Mp1g02600,Mapoly0113s0008,Xylan xylosyltransfearse,"Bowman, Kohchi, Yamato, et al., Cell 171(2):287-304.e15"
Mp3g14180,GT43,MpGT43.2,Mp3g14180,Mapoly0004s0253,Xylan xylosyltransfearse,"Bowman, Kohchi, Yamato, et al., Cell 171(2):287-304.e15"
Mp1g12090,GT47,MpGT47.1,Mp1g12090,Mapoly0014s0013,,"Bowman, Kohchi, Yamato, et al., Cell 171(2):287-304.e15"
Mp1g12100,GT47,MpGT47.2,-,Mapoly0014s0019,,"Bowman, Kohchi, Yamato, et al., Cell 171(2):287-304.e15"
Mp1g17340,GT47,MpGT47.3,Mp1g17340,Mapoly0001s0074,,"Bowman, Kohchi, Yamato, et al., Cell 171(2):287-304.e15"
Mp1g17370,GT47,MpGT47.4,Mp1g17370,Mapoly0001s0077,,"Bowman, Kohchi, Yamato, et al., Cell 171(2):287-304.e15"
Mp1g26200,GT47,MpGT47.5,Mp1g26200,Mapoly0002s0257,,"Bowman, Kohchi, Yamato, et al., Cell 171(2):287-304.e15"
Mp3g05600,GT47,MpGT47.6,Mp3g05600,Mapoly0006s0032,,"Bowman, Kohchi, Yamato, et al., Cell 171(2):287-304.e15"
Mp3g11350,GT47,MpGT47.7,Mp3g11350,Mapoly0037s0062,,"Bowman, Kohchi, Yamato, et al., Cell 171(2):287-304.e15"
Mp3g13340,GT47,MpGT47.8,Mp3g13340,Mapoly0050s0126,,"Bowman, Kohchi, Yamato, et al., Cell 171(2):287-304.e15"
Mp3g13740,GT47,MpGT47.9,Mp3g13740,Mapoly0004s0297,,"Bowman, Kohchi, Yamato, et al., Cell 171(2):287-304.e15"
Mp3g21260,GT47,MpGT47.10,Mp3g21260,Mapoly0160s0021,,"Bowman, Kohchi, Yamato, et al., Cell 171(2):287-304.e15"
Mp3g24900,GT47,MpGT47.11,Mp3g24900,Mapoly0183s0022,,"Bowman, Kohchi, Yamato, et al., Cell 171(2):287-304.e15"
Mp4g19540,GT47,MpGT47.12,Mp4g19540,Mapoly0126s0040,,"Bowman, Kohchi, Yamato, et al., Cell 171(2):287-304.e15"
Mp5g02380,GT47,MpGT47.13,Mp5g02380,Mapoly0147s0031,,"Bowman, Kohchi, Yamato, et al., Cell 171(2):287-304.e15"
Mp5g17760,GT47,MpGT47.14,Mp5g17760,Mapoly0084s0026,,"Bowman, Kohchi, Yamato, et al., Cell 171(2):287-304.e15"
Mp6g05660,GT47,MpGT47.15,Mp6g05660,Mapoly0097s0076,,"Bowman, Kohchi, Yamato, et al., Cell 171(2):287-304.e15"
Mp6g07770,GT47,MpXUT1|MpGT47.16,Mp6g07770,Mapoly0053s0090,,"Bowman, Kohchi, Yamato, et al., Cell 171(2):287-304.e15"
Mp7g03580,GT47,MpGT47.17,Mp7g03580,Mapoly0074s0038,,"Bowman, Kohchi, Yamato, et al., Cell 171(2):287-304.e15"
Mp7g09200,GT47,MpXUT2|MpGT47.18,Mp7g09200,Mapoly0068s0073,,"Bowman, Kohchi, Yamato, et al., Cell 171(2):287-304.e15"
Mp8g00210,GT47,MpGT47.19,Mp8g00210,Mapoly0077s0048,,"Bowman, Kohchi, Yamato, et al., Cell 171(2):287-304.e15"
Mp2g04240,GT48,MpGT48.1,Mp2g04240,Mapoly0031s0080,Callose synthase,"Bowman, Kohchi, Yamato, et al., Cell 171(2):287-304.e15"
Mp3g24830,GT48,MpGT48.2,Mp3g24830,Mapoly0183s0015,Callose synthase,"Bowman, Kohchi, Yamato, et al., Cell 171(2):287-304.e15"
Mp4g17120,GT48,MpGT48.3,Mp4g17120,Mapoly0148s0007,Callose synthase,"Bowman, Kohchi, Yamato, et al., Cell 171(2):287-304.e15"
Mp2g07650,GT61,MpGT61.1,Mp2g07650,Mapoly0015s0051,"Arabinoxylanα-1,3-arabinosyltransferase
Glycoproteinβ-1,2-xylosyltransferase","Bowman, Kohchi, Yamato, et al., Cell 171(2):287-304.e15"
Mp2g08210,GT61,MpGT61.2,Mp2g08210,Mapoly0015s0106,"Arabinoxylanα-1,3-arabinosyltransferase
Glycoproteinβ-1,2-xylosyltransferase","Bowman, Kohchi, Yamato, et al., Cell 171(2):287-304.e15"
Mp2g16650,GT61,MpGT61.3,Mp2g16650,Mapoly0109s0006,"Arabinoxylanα-1,3-arabinosyltransferase
Glycoproteinβ-1,2-xylosyltransferase","Bowman, Kohchi, Yamato, et al., Cell 171(2):287-304.e15"
Mp3g00690,GT61,MpGT61.4,Mp3g00690,Mapoly0007s0065,"Arabinoxylanα-1,3-arabinosyltransferase
Glycoproteinβ-1,2-xylosyltransferase","Bowman, Kohchi, Yamato, et al., Cell 171(2):287-304.e15"
Mp3g14550,GT61,MpGT61.5,Mp3g14550,Mapoly0004s0216,"Arabinoxylanα-1,3-arabinosyltransferase
Glycoproteinβ-1,2-xylosyltransferase","Bowman, Kohchi, Yamato, et al., Cell 171(2):287-304.e15"
Mp4g14890,GT61,MpGT61.6,Mp4g14890,Mapoly0119s0012,"Arabinoxylanα-1,3-arabinosyltransferase
Glycoproteinβ-1,2-xylosyltransferase","Bowman, Kohchi, Yamato, et al., Cell 171(2):287-304.e15"
Mp5g21130,GT61,MpGT61.7,Mp5g21130,Mapoly0058s0095,"Arabinoxylanα-1,3-arabinosyltransferase
Glycoproteinβ-1,2-xylosyltransferase","Bowman, Kohchi, Yamato, et al., Cell 171(2):287-304.e15"
Mp6g07460,GT61,MpGT61.8,Mp6g07460,Mapoly0053s0060,"Arabinoxylanα-1,3-arabinosyltransferase
Glycoproteinβ-1,2-xylosyltransferase","Bowman, Kohchi, Yamato, et al., Cell 171(2):287-304.e15"
Mp7g05800,GT61,MpGT61.9,Mp7g05800,Mapoly0057s0091,"Arabinoxylanα-1,3-arabinosyltransferase
Glycoproteinβ-1,2-xylosyltransferase","Bowman, Kohchi, Yamato, et al., Cell 171(2):287-304.e15"
Mp8g13890,GT61,MpGT61.10,Mp8g13890,Mapoly0108s0013,"Arabinoxylanα-1,3-arabinosyltransferase
Glycoproteinβ-1,2-xylosyltransferase","Bowman, Kohchi, Yamato, et al., Cell 171(2):287-304.e15"
Mp1g20130,GT64,MpGT64.1,Mp1g20130,Mapoly0001s0350,-,"Bowman, Kohchi, Yamato, et al., Cell 171(2):287-304.e15"
Mp3g05750,GT64,MpGT64.2,Mp3g05750,Mapoly0006s0046,-,"Bowman, Kohchi, Yamato, et al., Cell 171(2):287-304.e15"
Mp1g13560,GT77,MpGT77.1,Mp1g13560,Mapoly0019s0126,"RGII α-1,3-D-xylosyltransferase","Bowman, Kohchi, Yamato, et al., Cell 171(2):287-304.e15"
Mp1g18970,GT77,MpGT77.2,Mp1g18970,Mapoly0001s0235,"RGII α-1,3-D-xylosyltransferase","Bowman, Kohchi, Yamato, et al., Cell 171(2):287-304.e15"
Mp3g12220,GT77,MpGT77.3,Mp3g12220,Mapoly0050s0027,"RGII α-1,3-D-xylosyltransferase","Bowman, Kohchi, Yamato, et al., Cell 171(2):287-304.e15"
Mp6g12540,GT77,MpGT77.4,Mp6g12540,Mapoly0059s0093,"RGII α-1,3-D-xylosyltransferase","Bowman, Kohchi, Yamato, et al., Cell 171(2):287-304.e15"
Mp7g00150,GT77,MpGT77.5,Mp7g00150,Mapoly0046s0108,"RGII α-1,3-D-xylosyltransferase","Bowman, Kohchi, Yamato, et al., Cell 171(2):287-304.e15"
Mp1g02740,GT8,MpGT8.1,Mp1g02740,Mapoly0113s0022,-,"Bowman, Kohchi, Yamato, et al., Cell 171(2):287-304.e15"
Mp1g08450,GT8,MpGT8.2,Mp1g08450,Mapoly0036s0088,-,"Bowman, Kohchi, Yamato, et al., Cell 171(2):287-304.e15"
Mp1g23600,GT8,MpGT8.3,Mp1g23600,Mapoly0065s0017,-,"Bowman, Kohchi, Yamato, et al., Cell 171(2):287-304.e15"
Mp1g29030,GT8,MpGT8.4,Mp1g29030,Mapoly0107s0019,-,"Bowman, Kohchi, Yamato, et al., Cell 171(2):287-304.e15"
Mp2g12520,GT8,MpGT8.5,Mp2g12520,Mapoly0026s0119,-,"Bowman, Kohchi, Yamato, et al., Cell 171(2):287-304.e15"
Mp2g19350,GT8,MpGT8.6,Mp2g19350,Mapoly0055s0117,-,"Bowman, Kohchi, Yamato, et al., Cell 171(2):287-304.e15"
Mp3g04920,GT8,MpGT8.7,Mp3g04920,Mapoly0022s0037,-,"Bowman, Kohchi, Yamato, et al., Cell 171(2):287-304.e15"
Mp4g01290,GT8,MpGT8.8,Mp4g01290,Mapoly0066s0014,-,"Bowman, Kohchi, Yamato, et al., Cell 171(2):287-304.e15"
Mp4g03950,GT8,MpGT8.9,Mp4g03950,Mapoly0044s0079,-,"Bowman, Kohchi, Yamato, et al., Cell 171(2):287-304.e15"
Mp4g08210,GT8,MpGT8.10,Mp4g08210,Mapoly0120s0025,-,"Bowman, Kohchi, Yamato, et al., Cell 171(2):287-304.e15"
Mp7g11820,GT8,MpGT8.11,Mp7g11820,Mapoly0003s0193,-,"Bowman, Kohchi, Yamato, et al., Cell 171(2):287-304.e15"
Mp7g13550,GT8,MpGT8.12,Mp7g13550,Mapoly0009s0041,-,"Bowman, Kohchi, Yamato, et al., Cell 171(2):287-304.e15"
Mp1g05940,PL1,MpPL1.1,Mp1g05940,Mapoly0005s0015,Pectin Lyases,"Bowman, Kohchi, Yamato, et al., Cell 171(2):287-304.e15"
Mp2g24480,PL1,MpPL1.2,Mp2g24480,Mapoly0069s0096,Pectin Lyases,"Bowman, Kohchi, Yamato, et al., Cell 171(2):287-304.e15"
Mp3g01000,PL1,MpPL1.3,Mp3g01000,Mapoly0007s0096,Pectin Lyases,"Bowman, Kohchi, Yamato, et al., Cell 171(2):287-304.e15"
Mp3g01650,PL1,MpPL1.4,Mp3g01650,Mapoly0007s0157,Pectin Lyases,"Bowman, Kohchi, Yamato, et al., Cell 171(2):287-304.e15"
Mp8g00770,PL1,MpPL1.5,Mp8g00770,Mapoly0064s0120,Pectin Lyases,"Bowman, Kohchi, Yamato, et al., Cell 171(2):287-304.e15"
Mp8g10190,PL1,MpPL1.6,Mp8g10190,Mapoly0008s0203,Pectin Lyases,"Bowman, Kohchi, Yamato, et al., Cell 171(2):287-304.e15"
Mp1g14930,PMT,MpPMT.1,Mp1g14930,Mapoly0033s0168,HG methyltransferase,"Bowman, Kohchi, Yamato, et al., Cell 171(2):287-304.e15"
Mp1g16920,PMT,MpPMT.2,Mp1g16920,Mapoly0001s0032,HG methyltransferase,"Bowman, Kohchi, Yamato, et al., Cell 171(2):287-304.e15"
Mp3g07630,PMT,MpPMT.3,Mp3g07630,Mapoly0006s0239,HG methyltransferase,"Bowman, Kohchi, Yamato, et al., Cell 171(2):287-304.e15"
Mp5g15060,PMT,MpPMT.4,Mp5g15060,Mapoly0071s0103,HG methyltransferase,"Bowman, Kohchi, Yamato, et al., Cell 171(2):287-304.e15"
Mp6g01780,PMT,MpPMT.5,Mp6g01780,Mapoly0052s0026,HG methyltransferase,"Bowman, Kohchi, Yamato, et al., Cell 171(2):287-304.e15"
Mp7g04590,PMT,MpPMT.6,Mp7g04590,Mapoly0062s0067,HG methyltransferase,"Bowman, Kohchi, Yamato, et al., Cell 171(2):287-304.e15"
Mp7g08350,PMT,MpPMT.7,Mp7g08350,Mapoly0146s0035,HG methyltransferase,"Bowman, Kohchi, Yamato, et al., Cell 171(2):287-304.e15"
Mp8g02860,PMT,MpPMT.8,Mp8g02860,Mapoly0012s0079,HG methyltransferase,"Bowman, Kohchi, Yamato, et al., Cell 171(2):287-304.e15"
